"Firm_ID","Firm","Year"
NA,"Fresenius Kabi Austria GmbH",2015
338,"广东嘉博制药有限公司",2015
NA,"B.Braun Melsungen AG",2015
NA,"四川国瑞药业有限责任公司",2015
338,"广东嘉博制药有限公司",2016
NA,"B.Braun Melsungen AG",2016
NA,"四川国瑞药业有限责任公司",2016
NA,"Fresenius Kabi Austria GmbH",2016
6,"B.Braun Melsungen AG（B.Braun Melsungen AG）",2017
21,"Fresenius Kabi Austria GmbH(北京费森尤斯卡比
医药有限公司分装）",2017
22,"Fresenius Kabi Austria GmbH（北京费森尤斯卡比
医药有限公司分装）",2017
338,"广东嘉博制药有限公司",2017
NA,"Fresenius Kabi Austria GmbH",2017
NA,"四川国瑞药业有限责任公司",2017
338,"广东嘉博制药有限公司",2018
NA,"四川国瑞药业有限责任公司",2018
NA,"Fresenius Kabi Austria GmbH",2018
NA,"B.Braun Melsungen AG",2018
236,"四川科伦药业股份有限公司",2021
450,"江苏盈科生物制药有限公司",2021
23,"FreseniusKabiDeutschlandGmbH（FreseniusKabiAustriaGmbH）（北京费森尤斯卡比医药有限公司分包装）",2021
390,"扬子江药业集团有限公司",2021
NA,"Fresenius Kabi Austria GmbH",2021
NA,"Fresenius Kabi Austria GmbH",2022
450,"江苏盈科生物制药有限公司",2022
667,"辽宁海思科制药有限公司",2022
NA,"四川国瑞药业有限责任公司",2022
236,"四川科伦药业股份有限公司",2022
390,"扬子江药业集团有限公司",2022
686,"重庆药友制药有限责任公司",2022
338,"广东嘉博制药有限公司",2022
NA,"Fresenius Kabi Austria GmbH",2023
390,"扬子江药业集团有限公司",2023
450,"江苏盈科生物制药有限公司",2023
667,"辽宁海思科制药有限公司",2023
NA,"四川国瑞药业有限责任公司",2023
236,"四川科伦药业股份有限公司",2023
686,"重庆药友制药有限责任公司",2023
NA,"Fresenius Kabi Austria GmbH",2024
370,"成都华神集团股份有限公司制药厂",2015
NA,"成都华神科技集团股份有限公司制药厂",2016
NA,"Pfizer Italia S.r.l.",2016
149,"北京博康健基因科技有限公司",2016
149,"北京博康健基因科技有限公司",2017
378,"成都泰合健康科技集团股份有限公司华神制药厂",2017
NA,"成都华神科技集团股份有限公司制药厂",2017
NA,"Pfizer Italia S.r.l.",2017
NA,"Pfizer Italia S.r.l.",2018
NA,"成都华神科技集团股份有限公司制药厂",2018
149,"北京博康健基因科技有限公司",2018
32,"HEXALAG（SandozPrivateLimited）",2021
149,"北京博康健基因科技有限公司",2021
499,"浙江华海药业股份有限公司",2021
NA,"Sandoz Private Limited",2021
149,"北京博康健基因科技有限公司",2022
NA,"Sandoz Private Limited",2022
499,"浙江华海药业股份有限公司",2023
149,"北京博康健基因科技有限公司",2023
NA,"Sandoz Private Limited",2023
688,"重庆莱美药业股份有限公司",2023
387,"扬子江药业集团南京海陵药业有限公司",2023
150,"北京双鹭药业股份有限公司",2023
692,"长春海悦药业股份有限公司",2023
367,"成都倍特药业股份有限公司",2023
NA,"晋城海斯制药有限公司",2023
557,"海南锦瑞制药有限公司",2023
NA,"Pfizer Italia S.r.l.",2023
NA,"晋城海斯制药有限公司",2024
692,"长春海悦药业股份有限公司",2024
149,"北京博康健基因科技有限公司",2024
NA,"Sandoz Private Limited",2024
688,"重庆莱美药业股份有限公司",2024
387,"扬子江药业集团南京海陵药业有限公司",2024
150,"北京双鹭药业股份有限公司",2024
367,"成都倍特药业股份有限公司",2024
557,"海南锦瑞制药有限公司",2024
499,"浙江华海药业股份有限公司",2024
NA,"Rovi Pharma Industrial Services, S.A.",2017
712,"齐鲁制药有限公司",2020
382,"成都苑东生物制药股份有限公司",2020
712,"齐鲁制药有限公司",2021
382,"成都苑东生物制药股份有限公司",2021
712,"齐鲁制药有限公司",2022
382,"成都苑东生物制药股份有限公司",2022
400,"昆明积大制药股份有限公司",2022
382,"成都苑东生物制药股份有限公司",2023
382,"成都苑东生物制药股份有限公司",2024
493,"浙江京新药业股份有限公司",2024
712,"齐鲁制药有限公司",2024
107,"上海雅培制药有限公司",2015
485,"河南天方药业股份有限公司",2015
442,"江苏恒瑞医药股份有限公司",2015
403,"杭州中美华东制药有限公司",2016
107,"上海雅培制药有限公司",2016
493,"浙江京新药业股份有限公司",2016
343,"广东逸舒制药股份有限公司",2016
NA,"江西国药有限责任公司",2016
255,"天方药业有限公司",2016
578,"湖北广济药业股份有限公司",2016
442,"江苏恒瑞医药股份有限公司",2016
113,"丽珠集团丽珠制药厂",2016
NA,"山西津华晖星制药有限公司",2016
NA,"岳阳同联药业有限公司",2016
523,"浙江贝得药业有限公司",2016
525,"浙江震元制药有限公司",2016
121,"云南永安制药有限公司",2016
622,"石药集团欧意药业有限公司",2016
684,"重庆科瑞制药(集团)有限公司",2016
NA,"华润双鹤利民药业(济南)有限公司",2016
292,"宜昌东阳光长江药业股份有限公司",2016
NA,"四川泰华堂制药有限公司",2016
343,"广东逸舒制药股份有限公司",2017
403,"杭州中美华东制药有限公司",2017
442,"江苏恒瑞医药股份有限公司",2017
113,"丽珠集团丽珠制药厂",2017
99,"上海现代制药股份有限公司",2017
107,"上海雅培制药有限公司",2017
652,"西安利君制药有限责任公司",2017
121,"云南永安制药有限公司",2017
525,"浙江震元制药有限公司",2017
684,"重庆科瑞制药(集团)有限公司",2017
493,"浙江京新药业股份有限公司",2017
255,"天方药业有限公司",2017
107,"上海雅培制药有限公司",2018
442,"江苏恒瑞医药股份有限公司",2018
255,"天方药业有限公司",2018
121,"云南永安制药有限公司",2018
493,"浙江京新药业股份有限公司",2018
113,"丽珠集团丽珠制药厂",2018
113,"丽珠集团丽珠制药厂",2019
303,"山东新华制药股份有限公司",2020
112,"东莞市阳之康医药有限责任公司（广东东阳光药业有限公司受托生产）",2020
523,"浙江贝得药业有限公司",2020
99,"上海现代制药股份有限公司",2020
NA,"广东东阳光药业股份有限公司",2020
NA,"山东新华制药股份有限公司;山东新华制药股份有限公司;新华制药(高密)有限公司",2020
499,"浙江华海药业股份有限公司",2015
712,"齐鲁制药有限公司",2015
331,"常州四药制药有限公司",2015
153,"北京天衡药物研究院南阳天衡制药厂",2016
331,"常州四药制药有限公司",2016
443,"江苏恩华药业股份有限公司",2016
712,"齐鲁制药有限公司",2016
499,"浙江华海药业股份有限公司",2016
NA,"西安杨森制药有限公司",2016
268,"天津药物研究院药业有限责任公司",2016
42,"Novartis （Bangladesh） Limited （Novartis
（Bangladesh） Limited）",2017
153,"北京天衡药物研究院南阳天衡制药厂",2017
331,"常州四药制药有限公司",2017
443,"江苏恩华药业股份有限公司",2017
712,"齐鲁制药有限公司",2017
268,"天津药物研究院药业有限责任公司",2017
499,"浙江华海药业股份有限公司",2017
NA,"西安杨森制药有限公司",2017
499,"浙江华海药业股份有限公司",2018
NA,"西安杨森制药有限公司",2018
331,"常州四药制药有限公司",2018
712,"齐鲁制药有限公司",2018
NA,"Novartis (Bangladesh) Limited",2018
153,"北京天衡药物研究院南阳天衡制药厂",2018
331,"常州四药制药有限公司",2019
499,"浙江华海药业股份有限公司",2019
712,"齐鲁制药有限公司",2019
499,"浙江华海药业股份有限公司",2020
707,"鲁南贝特制药有限公司",2015
176,"华润双鹤药业股份有限公司",2015
315,"山德士（中国）制药有限公司",2015
120,"乐普药业股份有限公司",2016
478,"河北医科大学制药厂",2016
707,"鲁南贝特制药有限公司",2016
314,"山东齐都药业有限公司",2016
NA,"Sun Pharmaceutical Industries Ltd.",2016
NA,"乐声药业石家庄有限公司",2016
176,"华润双鹤药业股份有限公司",2016
297,"山东力诺制药有限公司",2016
694,"阿斯利康制药有限公司",2016
NA,"昆明众康制药有限公司",2016
191,"南京臣功制药股份有限公司",2016
NA,"瑞华(中山)制药有限公司",2016
NA,"上海世康特制药有限公司",2016
91,"上海新亚药业闵行有限公司",2016
NA,"亚宝药业太原制药有限公司",2016
120,"乐普药业股份有限公司",2017
707,"鲁南贝特制药有限公司",2017
297,"山东力诺制药有限公司",2017
314,"山东齐都药业有限公司",2017
71,"上海信谊万象药业股份有限公司",2017
199,"印度太阳药业有限公司",2017
NA,"瑞华(中山)制药有限公司",2017
91,"上海新亚药业闵行有限公司",2017
NA,"亚宝药业太原制药有限公司",2017
NA,"上海世康特制药有限公司",2018
694,"阿斯利康制药有限公司",2018
NA,"乐声药业石家庄有限公司",2018
707,"鲁南贝特制药有限公司",2018
NA,"瑞华(中山)制药有限公司",2018
NA,"亚宝药业太原制药有限公司",2018
191,"南京臣功制药股份有限公司",2018
176,"华润双鹤药业股份有限公司",2018
707,"鲁南贝特制药有限公司",2019
707,"鲁南贝特制药有限公司",2020
120,"乐普药业股份有限公司",2021
707,"鲁南贝特制药有限公司",2021
102,"上海罗氏制药有限公司",2015
413,"正大天晴药业集团股份有限公司",2016
102,"上海罗氏制药有限公司",2016
413,"正大天晴药业集团股份有限公司",2017
102,"上海罗氏制药有限公司",2017
102,"上海罗氏制药有限公司",2018
413,"正大天晴药业集团股份有限公司",2018
413,"正大天晴药业集团股份有限公司",2019
102,"上海罗氏制药有限公司",2019
442,"江苏恒瑞医药股份有限公司",2019
442,"江苏恒瑞医药股份有限公司",2020
570,"深圳市海滨制药有限公司",2015
519,"浙江海正药业股份有限公司",2015
662,"赛诺菲（杭州）制药有限公司",2015
562,"海正辉瑞制药有限公司",2016
134,"修正药业集团股份有限公司",2016
661,"赛诺菲(杭州)制药有限公司",2016
604,"瀚晖制药有限公司",2016
288,"安徽环球药业股份有限公司",2016
192,"南京长澳制药有限公司",2016
570,"深圳市海滨制药有限公司",2016
NA,"扬子江药业集团江苏紫龙药业有限公司",2016
288,"安徽环球药业股份有限公司",2017
562,"海正辉瑞制药有限公司",2017
655,"诺菲(杭州)制药有限公司",2017
570,"深圳市海滨制药有限公司",2017
134,"修正药业集团股份有限公司",2017
386,"扬子江药业集团北京海燕药业有限公司",2017
604,"瀚晖制药有限公司",2017
NA,"扬子江药业集团江苏紫龙药业有限公司",2017
661,"赛诺菲(杭州)制药有限公司",2017
661,"赛诺菲(杭州)制药有限公司",2018
604,"瀚晖制药有限公司",2018
288,"安徽环球药业股份有限公司",2018
604,"瀚晖制药有限公司",2019
66,"上海上药中西制药有限公司",2018
375,"成都康弘药业集团股份有限公司",2018
375,"成都康弘药业集团股份有限公司",2019
66,"上海上药中西制药有限公司",2020
375,"成都康弘药业集团股份有限公司",2020
672,"迪沙药业集团有限公司",2021
375,"成都康弘药业集团股份有限公司",2021
66,"上海上药中西制药有限公司",2021
375,"成都康弘药业集团股份有限公司",2022
66,"上海上药中西制药有限公司",2022
672,"迪沙药业集团有限公司",2022
375,"成都康弘药业集团股份有限公司",2023
331,"常州四药制药有限公司",2024
672,"迪沙药业集团有限公司",2024
NA,"Kagamiishi Plant,Nipro Pharma Corporation",2016
4,"AstraZenecaAB（KagamiishiPlant,NiproPharmaCorporation）（阿斯利康制药有限公司分包装）",2018
NA,"Kagamiishi Plant,Nipro Pharma Corporation",2018
NA,"齐鲁制药(海南)有限公司",2018
4,"AstraZenecaAB（KagamiishiPlant,NiproPharmaCorporation）（阿斯利康制药有限公司分包装）",2019
711,"齐鲁制药（海南）有限公司",2019
NA,"齐鲁制药(海南)有限公司",2019
NA,"Kagamiishi Plant,Nipro Pharma Corporation",2019
412,"正大天晴药业集团南京顺欣制药有限公司",2019
NA,"Kagamiishi Plant,Nipro Pharma Corporation",2020
NA,"齐鲁制药(海南)有限公司",2021
NA,"Kagamiishi Plant,Nipro Pharma Corporation",2021
442,"江苏恒瑞医药股份有限公司",2021
78,"上海创诺制药有限公司",2021
NA,"苏州特瑞药业股份有限公司",2021
NA,"赤峰蒙欣药业有限公司",2016
246,"国药集团工业有限公司",2016
NA,"济南恒基制药有限公司",2016
NA,"Les Laboratoires Servier Industrie",2016
430,"江苏亚邦强生药业有限公司",2016
NA,"南昌市飞弘药业有限公司",2016
305,"山东方明药业集团股份有限公司",2016
NA,"济南高华制药有限公司",2016
NA,"广东安诺药业股份有限公司",2016
257,"天津力生制药股份有限公司",2016
608,"烟台巨先药业有限公司",2016
NA,"远大医药(中国)有限公司",2016
NA,"河南中杰药业有限公司",2018
608,"烟台巨先药业有限公司",2020
246,"国药集团工业有限公司",2020
603,"濮阳市汇元药业有限公司",2020
686,"重庆药友制药有限责任公司",2020
261,"天津天士力（辽宁）制药有限责任公司",2020
NA,"天津天士力(辽宁)制药有限责任公司",2020
246,"国药集团工业有限公司",2022
603,"濮阳市汇元药业有限公司",2023
246,"国药集团工业有限公司",2023
305,"山东方明药业集团股份有限公司",2023
NA,"天津天士力(辽宁)制药有限责任公司",2023
674,"遂成药业股份有限公司",2023
NA,"济南高华制药有限公司",2023
608,"烟台巨先药业有限公司",2023
NA,"远大医药(中国)有限公司",2023
NA,"湖南春光九汇现代中药有限公司",2023
514,"浙江普洛康裕制药有限公司",2023
257,"天津力生制药股份有限公司",2023
NA,"成都明日制药有限公司",2016
566,"深圳信立泰药业股份有限公司",2016
500,"浙江华润三九众益制药有限公司",2016
NA,"Organon Heist bv",2016
566,"深圳信立泰药业股份有限公司",2017
500,"浙江华润三九众益制药有限公司",2017
NA,"广东九明制药有限公司",2018
500,"浙江华润三九众益制药有限公司",2018
566,"深圳信立泰药业股份有限公司",2018
566,"深圳信立泰药业股份有限公司",2019
544,"海南普利制药股份有限公司",2020
566,"深圳信立泰药业股份有限公司",2020
681,"重庆圣华曦药业股份有限公司",2015
627,"福州屏山制药有限公司",2015
349,"广州白云山天心制药股份有限公司",2015
672,"迪沙药业集团有限公司",2015
266,"天津武田药品有限公司",2015
672,"迪沙药业集团有限公司",2016
627,"福州屏山制药有限公司",2016
349,"广州白云山天心制药股份有限公司",2016
NA,"山西皇城相府药业股份有限公司",2016
516,"浙江永宁药业股份有限公司",2016
681,"重庆圣华曦药业股份有限公司",2016
266,"天津武田药品有限公司",2016
253,"天地恒一制药股份有限公司",2016
540,"海南惠普森医药生物技术有限公司",2016
672,"迪沙药业集团有限公司",2017
627,"福州屏山制药有限公司",2017
349,"广州白云山天心制药股份有限公司",2017
540,"海南惠普森医药生物技术有限公司",2017
593,"湖南天地恒一制药有限公司",2017
326,"山西皇城相府药业有限公司",2017
681,"重庆圣华曦药业股份有限公司",2017
266,"天津武田药品有限公司",2017
NA,"山西皇城相府药业股份有限公司",2017
253,"天地恒一制药股份有限公司",2017
681,"重庆圣华曦药业股份有限公司",2018
672,"迪沙药业集团有限公司",2018
NA,"Takeda Pharmaceutical Company Limited, Osaka Plant",2018
266,"天津武田药品有限公司",2018
627,"福州屏山制药有限公司",2018
349,"广州白云山天心制药股份有限公司",2018
NA,"山西皇城相府药业股份有限公司",2018
540,"海南惠普森医药生物技术有限公司",2018
253,"天地恒一制药股份有限公司",2018
516,"浙江永宁药业股份有限公司",2019
266,"天津武田药品有限公司",2019
253,"天地恒一制药股份有限公司",2019
NA,"山西皇城相府药业股份有限公司",2019
672,"迪沙药业集团有限公司",2019
253,"天地恒一制药股份有限公司",2020
516,"浙江永宁药业股份有限公司",2020
45,"Pfizer Pharmaceuticals LLC（辉瑞制药有限公司进口分装）",2015
44,"Pfizer Pharmaceuticals LLC（辉瑞制药有限公司
进口分装）",2017
446,"江苏正大清江制药有限公司",2020
223,"四川国为制药有限公司",2020
622,"石药集团欧意药业有限公司",2020
700,"青岛百洋制药有限公司",2020
622,"石药集团欧意药业有限公司",2021
708,"黑龙江福和华星制药集团股份有限公司",2015
279,"宁波天衡药业股份有限公司",2015
495,"浙江北生药业汉生制药有限公司",2016
287,"安徽恒星制药有限公司",2016
624,"福安药业集团宁波天衡制药有限公司",2016
328,"常州兰陵制药有限公司",2016
328,"常州兰陵制药有限公司",2017
624,"福安药业集团宁波天衡制药有限公司",2017
708,"黑龙江福和华星制药集团股份有限公司",2017
191,"南京臣功制药股份有限公司",2017
495,"浙江北生药业汉生制药有限公司",2017
NA,"FARMA MEDITERRANIA S.L.",2017
624,"福安药业集团宁波天衡制药有限公司",2018
495,"浙江北生药业汉生制药有限公司",2018
287,"安徽恒星制药有限公司",2018
387,"扬子江药业集团南京海陵药业有限公司",2021
618,"石家庄四药有限公司",2021
636,"花园药业股份有限公司",2021
495,"浙江北生药业汉生制药有限公司",2021
287,"安徽恒星制药有限公司",2021
NA,"浙江花园药业有限公司",2021
287,"安徽恒星制药有限公司",2022
624,"福安药业集团宁波天衡制药有限公司",2022
NA,"福安药业集团烟台只楚药业有限公司",2022
NA,"河北凯威制药有限责任公司;广州市联瑞制药有限公司",2022
NA,"黑龙江福和制药集团股份有限公司",2022
NA,"浙江花园药业有限公司",2022
616,"瑞阳制药股份有限公司",2022
NA,"山西国润制药有限公司",2022
618,"石家庄四药有限公司",2022
622,"石药集团欧意药业有限公司",2022
242,"四川美大康华康药业有限公司",2022
387,"扬子江药业集团南京海陵药业有限公司",2022
122,"云南龙海天然植物药业有限公司",2022
495,"浙江北生药业汉生制药有限公司",2022
NA,"扬子江药业集团江苏紫龙药业有限公司",2022
NA,"河北凯威制药有限责任公司",2023
495,"浙江北生药业汉生制药有限公司",2023
NA,"扬子江药业集团江苏紫龙药业有限公司",2023
287,"安徽恒星制药有限公司",2023
624,"福安药业集团宁波天衡制药有限公司",2023
NA,"福安药业集团烟台只楚药业有限公司",2023
NA,"黑龙江福和制药集团股份有限公司",2023
NA,"浙江花园药业有限公司",2023
616,"瑞阳制药股份有限公司",2023
NA,"山西国润制药有限公司",2023
618,"石家庄四药有限公司",2023
622,"石药集团欧意药业有限公司",2023
242,"四川美大康华康药业有限公司",2023
122,"云南龙海天然植物药业有限公司",2023
438,"江苏奥赛康药业股份有限公司",2015
665,"辰欣药业股份有限公司",2015
NA,"北京东方协和医药生物技术有限公司",2016
NA,"北京协和药厂有限公司",2016
665,"辰欣药业股份有限公司",2016
436,"江苏奥赛康药业有限公司",2016
565,"深圳万乐药业有限公司",2016
390,"扬子江药业集团有限公司",2016
NA,"浙江三生蔓迪药业有限公司",2016
78,"上海创诺制药有限公司",2016
NA,"Sanofi-Aventis Deutschland GmbH",2016
NA,"Sanofi-Aventis Deutschland GmbH",2017
665,"辰欣药业股份有限公司",2017
436,"江苏奥赛康药业有限公司",2017
565,"深圳万乐药业有限公司",2017
241,"四川美大康佳乐药业有限公司",2017
78,"上海创诺制药有限公司",2017
390,"扬子江药业集团有限公司",2017
241,"四川美大康佳乐药业有限公司",2018
NA,"广东星昊药业有限公司",2018
665,"辰欣药业股份有限公司",2018
565,"深圳万乐药业有限公司",2018
150,"北京双鹭药业股份有限公司",2018
78,"上海创诺制药有限公司",2018
436,"江苏奥赛康药业有限公司",2018
390,"扬子江药业集团有限公司",2018
NA,"Sanofi-Aventis Deutschland GmbH",2018
NA,"哈尔滨莱博通药业有限公司",2018
230,"四川汇宇制药股份有限公司",2019
390,"扬子江药业集团有限公司",2019
NA,"北京东方协和医药生物技术有限公司",2019
665,"辰欣药业股份有限公司",2019
78,"上海创诺制药有限公司",2019
241,"四川美大康佳乐药业有限公司",2019
150,"北京双鹭药业股份有限公司",2019
NA,"广东星昊药业有限公司",2019
565,"深圳万乐药业有限公司",2019
436,"江苏奥赛康药业有限公司",2019
230,"四川汇宇制药股份有限公司",2021
413,"正大天晴药业集团股份有限公司",2021
436,"江苏奥赛康药业有限公司",2021
180,"南京亿华药业有限公司",2015
390,"扬子江药业集团有限公司",2015
637,"苏州东瑞制药有限公司",2015
425,"汕头金石制药总厂",2015
613,"珠海联邦制药股份有限公司中山分公司",2016
180,"南京亿华药业有限公司",2016
247,"国药集团汕头金石制药有限公司",2016
637,"苏州东瑞制药有限公司",2016
596,"湖南方盛制药股份有限公司",2016
247,"国药集团汕头金石制药有限公司",2017
596,"湖南方盛制药股份有限公司",2017
180,"南京亿华药业有限公司",2017
637,"苏州东瑞制药有限公司",2017
613,"珠海联邦制药股份有限公司中山分公司",2017
310,"山东罗欣药业集团股份有限公司",2017
596,"湖南方盛制药股份有限公司",2018
247,"国药集团汕头金石制药有限公司",2018
180,"南京亿华药业有限公司",2018
637,"苏州东瑞制药有限公司",2018
310,"山东罗欣药业集团股份有限公司",2018
596,"湖南方盛制药股份有限公司",2019
180,"南京亿华药业有限公司",2021
572,"深圳立健药业有限公司",2015
560,"海口市制药厂有限公司",2015
638,"苏州中化药品工业有限公司",2015
345,"广州南新制药有限公司",2016
170,"华北制药河北华民药业有限责任公司",2016
560,"海口市制药厂有限公司",2016
NA,"上海海虹实业(集团)巢湖今辰药业有限公司",2016
103,"上海美优制药有限公司",2016
NA,"白云山东泰商丘药业有限公司",2016
NA,"回音必集团浙江齐齐制药有限公司",2016
NA,"吉林道君药业股份有限公司",2016
401,"昆明贝克诺顿制药有限公司",2016
623,"礼来苏州制药有限公司",2016
NA,"辽宁华瑞联合制药有限公司",2016
313,"山东鲁抗医药股份有限公司",2016
NA,"山东淄博新达制药有限公司",2016
170,"华北制药河北华民药业有限责任公司",2017
104,"上海衡山药业有限公司",2017
103,"上海美优制药有限公司",2017
523,"浙江贝得药业有限公司",2017
492,"浙江亚太药业股份有限公司",2017
623,"礼来苏州制药有限公司",2017
560,"海口市制药厂有限公司",2017
NA,"四川制药制剂有限公司",2017
623,"礼来苏州制药有限公司",2018
523,"浙江贝得药业有限公司",2018
572,"深圳立健药业有限公司",2018
638,"苏州中化药品工业有限公司",2018
560,"海口市制药厂有限公司",2018
103,"上海美优制药有限公司",2018
345,"广州南新制药有限公司",2018
638,"苏州中化药品工业有限公司",2019
NA,"亿腾医药(苏州)有限公司",2019
492,"浙江亚太药业股份有限公司",2019
345,"广州南新制药有限公司",2020
638,"苏州中化药品工业有限公司",2020
572,"深圳立健药业有限公司",2020
170,"华北制药河北华民药业有限责任公司",2015
574,"深圳致君制药有限公司",2015
366,"成都倍特药业有限公司",2015
367,"成都倍特药业股份有限公司",2016
NA,"国药集团致君(深圳)制药有限公司",2016
638,"苏州中化药品工业有限公司",2016
NA,"Glaxo Operations UK Limited",2016
145,"北京京丰制药集团有限公司",2016
366,"成都倍特药业有限公司",2017
248,"国药集团致君（深圳）制药有限公司",2017
638,"苏州中化药品工业有限公司",2017
NA,"国药集团致君(深圳)制药有限公司",2017
622,"石药集团欧意药业有限公司",2017
367,"成都倍特药业股份有限公司",2017
NA,"Glaxo Operations UK Limited",2017
366,"成都倍特药业有限公司",2018
367,"成都倍特药业股份有限公司",2018
NA,"国药集团致君(深圳)制药有限公司",2018
170,"华北制药河北华民药业有限责任公司",2018
NA,"Glaxo Operations UK Limited",2018
248,"国药集团致君（深圳）制药有限公司",2019
349,"广州白云山天心制药股份有限公司",2019
493,"浙江京新药业股份有限公司",2019
NA,"国药集团致君(深圳)制药有限公司",2019
NA,"Glaxo Operations UK Limited",2019
367,"成都倍特药业股份有限公司",2019
613,"珠海联邦制药股份有限公司中山分公司",2020
367,"成都倍特药业股份有限公司",2020
NA,"国药集团致君(深圳)制药有限公司",2020
457,"江苏豪森药业集团有限公司",2015
258,"天津医药集团津康制药有限公司",2015
506,"浙江巨泰药业有限公司",2015
NA,"Astellas Pharma Inc., Takaoka Plant",2015
NA,"Astellas Pharma Inc.",2015
457,"江苏豪森药业集团有限公司",2016
NA,"Astellas Pharma Inc., Takaoka Plant",2016
506,"浙江巨泰药业有限公司",2016
258,"天津医药集团津康制药有限公司",2016
2,"Astellas Pharma Tech Co.,Ltd. Takaoka
Plant(广州白云山光华制药股份有限公司分包装)",2017
457,"江苏豪森药业集团有限公司",2017
258,"天津医药集团津康制药有限公司",2017
128,"优胜美特制药有限公司",2017
NA,"Astellas Pharma Inc., Takaoka Plant",2017
NA,"Astellas Pharma Inc., Takaoka Plant",2018
258,"天津医药集团津康制药有限公司",2018
NA,"CHOSEIDO PHARMACEUTICAL CO.,LTD. KAWAUCHI FACTORY",2018
457,"江苏豪森药业集团有限公司",2018
506,"浙江巨泰药业有限公司",2018
457,"江苏豪森药业集团有限公司",2020
618,"石家庄四药有限公司",2020
NA,"福建古田药业有限公司",2016
354,"康普药业股份有限公司",2016
NA,"长春迪瑞制药有限公司",2016
NA,"乐普药业(北京)有限责任公司",2016
634,"美罗药业股份有限公司",2016
NA,"上海普康药业有限公司",2016
NA,"贝克诺顿(浙江)制药有限公司",2016
NA,"广东南国药业有限公司",2016
115,"中美上海施贵宝制药有限公司",2016
NA,"佛山手心制药有限公司",2016
364,"悦康药业集团股份有限公司",2016
NA,"北京海王中新药业股份有限公司",2016
NA,"广东邦民制药厂有限公司",2016
NA,"广东罗特制药有限公司",2016
NA,"广州白云山光华制药股份有限公司",2016
220,"哈药集团制药总厂",2016
NA,"海南三叶制药厂有限公司",2016
278,"宁波大红鹰药业股份有限公司",2016
310,"山东罗欣药业集团股份有限公司",2016
NA,"上海福达制药有限公司",2016
NA,"沈阳康芝制药有限公司",2016
645,"苏州第三制药厂有限责任公司",2016
NA,"广东香山堂制药有限公司",2016
NA,"汕头经济特区鮀滨制药厂",2016
NA,"湖南康尔佳生物医药科技有限公司",2016
115,"中美上海施贵宝制药有限公司",2017
115,"中美上海施贵宝制药有限公司",2018
91,"上海新亚药业闵行有限公司",2018
313,"山东鲁抗医药股份有限公司",2018
599,"湖南科伦制药有限公司",2018
335,"广东华南药业集团有限公司",2020
313,"山东鲁抗医药股份有限公司",2020
335,"广东华南药业集团有限公司",2022
313,"山东鲁抗医药股份有限公司",2022
310,"山东罗欣药业集团股份有限公司",2022
NA,"Dr. Reddy`s Laboratories Limited",2016
NA,"Lilly del Caribe,Inc.",2016
330,"常州华生制药有限公司",2016
330,"常州华生制药有限公司",2017
200,"印度瑞迪博士实验室有限公司（印度瑞迪博士实验
室有限公司）",2017
NA,"Dr. Reddy`s Laboratories Limited",2017
NA,"Lilly del Caribe,Inc.",2017
NA,"LILLY S.A.",2018
NA,"Dr. Reddy`s Laboratories Limited",2018
NA,"Lilly del Caribe,Inc.",2018
330,"常州华生制药有限公司",2018
457,"江苏豪森药业集团有限公司",2019
16,"Dr.Reddy’sLaboratoriesLimited.（印度瑞迪博士实验室有限公司）",2019
571,"深圳海王药业有限公司",2015
571,"深圳海王药业有限公司",2016
571,"深圳海王药业有限公司",2017
571,"深圳海王药业有限公司",2018
571,"深圳海王药业有限公司",2019
711,"齐鲁制药（海南）有限公司",2021
74,"上海信谊百路达药业有限公司",2017
189,"南京正大天晴制药有限公司",2020
111,"东莞市阳之康医药有限责任公司（广东东阳光药业有限公司受委托生产）",2020
163,"北京福元医药股份有限公司",2020
224,"四川大冢制药有限公司",2015
410,"杭州默沙东制药有限公司",2015
NA,"Merck Sharp & Dohme Limited",2016
224,"四川大冢制药有限公司",2016
38,"Merck Sharp & Dohme Limited（杭州默沙东制药有
限公司分装）",2017
NA,"Merck Sharp & Dohme Limited",2017
224,"四川大冢制药有限公司",2017
88,"上海安必生制药技术有限公司（杭州民生滨江制药有限公司受委托生产）",2018
NA,"杭州民生滨江制药有限公司",2018
NA,"杭州民生滨江制药有限公司;青岛百洋制药有限公司;江苏安必生制药有限公司",2018
NA,"Merck Sharp & Dohme Limited",2018
224,"四川大冢制药有限公司",2018
40,"MerckSharp&DohmeB.V.（MerckSharp&DohmeLtd.）（杭州默沙东制药有限公司分包装）",2019
88,"上海安必生制药技术有限公司（杭州民生滨江制药有限公司受委托生产）",2019
NA,"Merck Sharp & Dohme Limited",2019
NA,"杭州民生滨江制药有限公司",2019
NA,"杭州民生滨江制药有限公司;青岛百洋制药有限公司;江苏安必生制药有限公司",2019
224,"四川大冢制药有限公司",2019
NA,"Merck Sharp & Dohme Limited",2020
224,"四川大冢制药有限公司",2020
NA,"杭州民生滨江制药有限公司",2020
598,"湖南洞庭药业股份有限公司",2015
646,"苏州第壹制药有限公司",2016
NA,"AstraZeneca UK Limited",2016
598,"湖南洞庭药业股份有限公司",2016
646,"苏州第壹制药有限公司",2017
694,"阿斯利康制药有限公司",2017
598,"湖南洞庭药业股份有限公司",2017
NA,"AstraZeneca UK Limited",2017
598,"湖南洞庭药业股份有限公司",2018
646,"苏州第壹制药有限公司",2018
NA,"AstraZeneca UK Limited",2018
646,"苏州第壹制药有限公司",2019
646,"苏州第壹制药有限公司",2020
207,"合肥英太制药有限公司",2020
598,"湖南洞庭药业股份有限公司",2020
131,"佛山德芮可制药有限公司",2021
518,"浙江海正宣泰医药有限公司（上海宣泰海门药业有限公司受托生产）",2021
153,"北京天衡药物研究院南阳天衡制药厂",2021
NA,"植恩生物技术股份有限公司;江苏宣泰药业有限公司",2021
153,"北京天衡药物研究院南阳天衡制药厂",2022
NA,"江苏宣泰药业有限公司",2022
131,"佛山德芮可制药有限公司",2023
NA,"北京天衡药物研究院南阳天衡制药厂;吉林天衡英睿制药有限公司",2023
153,"北京天衡药物研究院南阳天衡制药厂",2023
NA,"植恩生物技术股份有限公司",2023
NA,"南通联亚药业股份有限公司",2023
NA,"华益泰康药业股份有限公司",2023
238,"四川维奥制药有限公司",2023
NA,"江苏国丹生物制药股份有限公司",2023
153,"北京天衡药物研究院南阳天衡制药厂",2024
131,"佛山德芮可制药有限公司",2024
NA,"植恩生物技术股份有限公司",2024
NA,"南通联亚药业股份有限公司",2024
NA,"华益泰康药业股份有限公司",2024
238,"四川维奥制药有限公司",2024
NA,"江苏国丹生物制药股份有限公司",2024
686,"重庆药友制药有限责任公司",2024
NA,"北京天衡药物研究院南阳天衡制药厂;吉林天衡英睿制药有限公司",2024
366,"成都倍特药业有限公司",2019
405,"杭州和泽医药科技有限公司（杭州苏泊尔南洋药业有限公司受委托生产）",2019
NA,"安徽安科恒益药业有限公司",2019
NA,"石家庄龙泽制药股份有限公司",2019
289,"安徽贝克生物制药有限公司",2019
NA,"浙江苏可安药业有限公司",2019
NA,"苏州特瑞药业股份有限公司",2019
NA,"海思科制药(眉山)有限公司",2019
NA,"浙江苏可安药业有限公司",2020
413,"正大天晴药业集团股份有限公司",2020
289,"安徽贝克生物制药有限公司",2020
NA,"葛兰素史克(天津)有限公司",2020
NA,"安徽安科恒益药业有限公司",2020
NA,"海思科制药(眉山)有限公司",2020
NA,"石家庄龙泽制药股份有限公司",2020
NA,"上海迪赛诺医药集团股份有限公司",2021
NA,"浙江苏可安药业有限公司",2021
150,"北京双鹭药业股份有限公司",2021
NA,"石家庄龙泽制药股份有限公司",2021
643,"苏州弘森药业股份有限公司",2021
NA,"葛兰素史克(天津)有限公司",2021
367,"成都倍特药业股份有限公司",2021
NA,"海思科制药(眉山)有限公司",2021
289,"安徽贝克生物制药有限公司",2021
310,"山东罗欣药业集团股份有限公司",2021
613,"珠海联邦制药股份有限公司中山分公司",2021
686,"重庆药友制药有限责任公司",2021
NA,"安徽安科恒益药业有限公司",2021
NA,"Merck Healthcare KGaA",2016
382,"成都苑东生物制药股份有限公司",2016
NA,"Merck Healthcare KGaA",2017
382,"成都苑东生物制药股份有限公司",2018
147,"北京华素制药股份有限公司",2018
NA,"Merck Healthcare KGaA",2018
NA,"Salutas Pharma GmbH",2018
382,"成都苑东生物制药股份有限公司",2019
NA,"Merck Healthcare KGaA",2019
147,"北京华素制药股份有限公司",2020
NA,"天津市健生制药有限公司",2016
NA,"乐普恒久远药业有限公司",2016
116,"丹东医创药业有限责任公司",2016
663,"辅仁药业集团有限公司",2016
NA,"吉林省红石药业有限公司",2016
NA,"中美天津史克制药有限公司",2016
NA,"安徽联谊药业股份有限公司",2016
NA,"开封制药(集团)有限公司",2016
NA,"上海腾瑞制药股份有限公司",2016
383,"成都通德药业有限公司",2016
NA,"许昌未来制药有限责任公司",2016
NA,"吉林市鹿王制药股份有限公司",2016
NA,"吉林金恒制药股份有限公司",2016
NA,"天津市健生制药有限公司",2017
NA,"云南植物药业有限公司",2018
NA,"山西汾河制药有限公司",2018
NA,"上海腾瑞制药股份有限公司",2018
415,"武汉东信医药科技有限责任公司",2018
663,"辅仁药业集团有限公司",2018
NA,"津药达仁堂集团股份有限公司新新制药厂",2018
NA,"中美天津史克制药有限公司",2018
691,"锦州九泰药业有限责任公司",2018
NA,"长春迪瑞制药有限公司",2018
116,"丹东医创药业有限责任公司",2018
110,"东北制药集团沈阳第一制药有限公司",2018
NA,"广东南国药业有限公司",2018
NA,"上海玉瑞生物科技(安阳)药业有限公司",2018
NA,"四川依科制药有限公司",2018
NA,"许昌未来制药有限责任公司",2018
NA,"焦作福瑞堂制药有限公司",2018
NA,"安丘市鲁安药业有限责任公司",2018
293,"宜昌人福药业有限责任公司",2019
250,"地奥集团成都药业股份有限公司",2019
250,"地奥集团成都药业股份有限公司",2020
383,"成都通德药业有限公司",2020
293,"宜昌人福药业有限责任公司",2020
235,"四川省通园制药集团有限公司",2020
477,"河北冀衡（集团）药业有限公司",2020
168,"华中药业股份有限公司",2020
NA,"长春迪瑞制药有限公司",2020
NA,"吉林金恒制药股份有限公司",2020
NA,"山西太原药业有限公司",2020
NA,"特一药业集团股份有限公司",2020
NA,"广东南国药业有限公司",2020
NA,"山西亨瑞达制药有限公司",2020
NA,"焦作福瑞堂制药有限公司",2020
663,"辅仁药业集团有限公司",2020
NA,"太康海恩药业有限公司",2020
247,"国药集团汕头金石制药有限公司",2020
110,"东北制药集团沈阳第一制药有限公司",2020
NA,"上海现代哈森(商丘)药业有限公司",2020
649,"蚌埠丰原涂山制药有限公司",2020
NA,"河北冀衡药业股份有限公司",2020
NA,"焦作福瑞堂制药有限公司",2021
NA,"山西亨瑞达制药有限公司",2021
NA,"广东南国药业有限公司",2021
NA,"辽宁鑫善源药业有限公司",2021
NA,"四川依科制药有限公司",2021
168,"华中药业股份有限公司",2021
383,"成都通德药业有限公司",2021
NA,"UCB Pharma SA",2016
NA,"UCB Pharma SA",2017
NA,"UCB Pharma SA",2018
514,"浙江普洛康裕制药有限公司",2019
493,"浙江京新药业股份有限公司",2020
493,"浙江京新药业股份有限公司",2021
514,"浙江普洛康裕制药有限公司",2021
178,"华润赛科药业有限责任公司",2021
681,"重庆圣华曦药业股份有限公司",2021
NA,"吉林万通药业有限公司",2016
303,"山东新华制药股份有限公司",2016
NA,"江苏瑞年前进制药有限公司",2016
NA,"云南康恩贝希陶药业有限公司",2016
NA,"宿州亿帆药业有限公司",2016
329,"常州制药厂有限公司",2017
702,"青岛黄海制药有限责任公司",2021
293,"宜昌人福药业有限责任公司",2021
303,"山东新华制药股份有限公司",2021
702,"青岛黄海制药有限责任公司",2022
293,"宜昌人福药业有限责任公司",2022
471,"沈阳红旗制药有限公司",2016
NA,"杭州民生药业股份有限公司",2016
NA,"山西天致药业有限公司",2016
408,"杭州民生药业有限公司",2020
471,"沈阳红旗制药有限公司",2020
650,"西南药业股份有限公司",2020
650,"西南药业股份有限公司",2022
471,"沈阳红旗制药有限公司",2023
335,"广东华南药业集团有限公司",2023
650,"西南药业股份有限公司",2023
NA,"浙江苏可安药业有限公司",2023
NA,"临汾宝珠制药有限公司",2023
384,"成都锦华药业有限责任公司",2023
NA,"云鹏医药集团有限公司",2023
NA,"杭州民生药业股份有限公司",2023
350,"广州白云山明兴制药有限公司",2023
289,"安徽贝克生物制药有限公司",2015
413,"正大天晴药业集团股份有限公司",2015
313,"山东鲁抗医药股份有限公司",2015
289,"安徽贝克生物制药有限公司",2016
466,"江西青峰药业有限公司",2016
529,"海南中和药业股份有限公司",2016
NA,"湖南千金协力药业有限公司",2016
289,"安徽贝克生物制药有限公司",2017
529,"海南中和药业股份有限公司",2017
466,"江西青峰药业有限公司",2017
313,"山东鲁抗医药股份有限公司",2017
289,"安徽贝克生物制药有限公司",2018
529,"海南中和药业股份有限公司",2018
637,"苏州东瑞制药有限公司",2019
466,"江西青峰药业有限公司",2019
637,"苏州东瑞制药有限公司",2020
457,"江苏豪森药业集团有限公司",2021
427,"江苏万邦生化医药集团有限责任公司",2021
NA,"复星万邦(江苏)医药集团有限公司",2021
457,"江苏豪森药业集团有限公司",2022
NA,"复星万邦(江苏)医药集团有限公司",2022
457,"江苏豪森药业集团有限公司",2023
NA,"Pfizer Manufacturing Deutschland GmbH, Betriebsstatte Freiburg",2017
689,"重庆赛维药业有限公司",2017
NA,"Pfizer Manufacturing Deutschland GmbH, Betriebsstatte Freiburg",2018
689,"重庆赛维药业有限公司",2018
280,"宁波科尔康美诺华药业有限公司（宁波美诺华天康药业有限公司受托生产）",2021
176,"华润双鹤药业股份有限公司",2021
689,"重庆赛维药业有限公司",2021
176,"华润双鹤药业股份有限公司",2022
NA,"齐鲁制药(海南)有限公司",2022
176,"华润双鹤药业股份有限公司",2023
304,"山东新时代药业有限公司",2015
304,"山东新时代药业有限公司",2016
NA,"Taiho Pharmaceutical Co.,Ltd. Tokushima Plant",2016
252,"大鹏药品工业株式会社(大鹏药品工业株式会社德岛
工厂)",2017
304,"山东新时代药业有限公司",2017
NA,"Taiho Pharmaceutical Co.,Ltd. Tokushima Plant",2017
NA,"Taiho Pharmaceutical Co.,Ltd. Tokushima Plant",2018
304,"山东新时代药业有限公司",2018
NA,"Taiho Pharmaceutical Co.,Ltd. Tokushima Plant",2019
304,"山东新时代药业有限公司",2019
304,"山东新时代药业有限公司",2020
389,"扬子江药业集团广州海瑞药业有限公司",2020
519,"浙江海正药业股份有限公司",2020
96,"上海汇伦江苏药业有限公司",2020
566,"深圳信立泰药业股份有限公司",2021
189,"南京正大天晴制药有限公司",2021
519,"浙江海正药业股份有限公司",2021
96,"上海汇伦江苏药业有限公司",2021
519,"浙江海正药业股份有限公司",2022
189,"南京正大天晴制药有限公司",2022
519,"浙江海正药业股份有限公司",2023
113,"丽珠集团丽珠制药厂",2021
79,"上海勃林格殷格翰药业有限公司",2015
NA,"Boehringer Ingelheim Ηellas Single Member S.A.",2016
NA,"海南赛立克药业有限公司",2016
431,"江苏亚邦爱普森药业有限公司",2016
236,"四川科伦药业股份有限公司",2016
259,"天津华津制药有限公司",2016
NA,"湖南威特制药股份有限公司",2016
NA,"优尼特尔南京制药有限公司",2016
163,"北京福元医药股份有限公司",2016
NA,"复星万邦(江苏)医药集团有限公司",2016
150,"北京双鹭药业股份有限公司",2016
NA,"湖南迪诺制药股份有限公司",2016
NA,"吉林万通药业集团郑州万通复升药业股份有限公司",2016
434,"江苏天士力帝益药业有限公司",2016
195,"南通华山药业有限公司",2016
NA,"山东信谊制药有限公司",2016
265,"天津怀仁制药有限公司",2016
NA,"重庆康刻尔制药股份有限公司",2016
72,"上海信谊天平药业有限公司",2017
NA,"Boehringer Ingelheim Ηellas Single Member S.A.",2017
688,"重庆莱美药业股份有限公司",2018
NA,"复星万邦(江苏)医药集团有限公司",2018
292,"宜昌东阳光长江药业股份有限公司",2018
163,"北京福元医药股份有限公司",2018
NA,"Boehringer Ingelheim Ηellas Single Member S.A.",2018
NA,"重庆康刻尔制药股份有限公司",2018
99,"上海现代制药股份有限公司",2018
72,"上海信谊天平药业有限公司",2018
NA,"湖南威特制药股份有限公司",2018
195,"南通华山药业有限公司",2018
NA,"海南赛立克药业有限公司",2018
265,"天津怀仁制药有限公司",2018
NA,"优尼特尔南京制药有限公司",2018
NA,"浙江金立源药业有限公司",2018
NA,"西安迪赛生物药业有限责任公司",2018
263,"天津市康瑞药业有限公司",2018
NA,"湖南迪诺制药股份有限公司",2018
NA,"湖南威特制药股份有限公司",2019
292,"宜昌东阳光长江药业股份有限公司",2021
431,"江苏亚邦爱普森药业有限公司",2021
163,"北京福元医药股份有限公司",2021
72,"上海信谊天平药业有限公司",2021
519,"浙江海正药业股份有限公司",2016
NA,"Novartis Pharma Stein AG",2016
519,"浙江海正药业股份有限公司",2017
NA,"Novartis Pharma Stein AG",2017
NA,"Novartis Pharma Stein AG",2018
519,"浙江海正药业股份有限公司",2018
519,"浙江海正药业股份有限公司",2019
NA,"Novartis Pharma Stein AG",2019
NA,"Novartis Pharma Stein AG",2020
164,"北京红林制药有限公司",2015
564,"淄博万杰制药有限公司",2015
164,"北京红林制药有限公司",2016
564,"淄博万杰制药有限公司",2016
NA,"Viatris Pharmaceuticals LLC",2016
564,"淄博万杰制药有限公司",2017
164,"北京红林制药有限公司",2017
NA,"Viatris Pharmaceuticals LLC",2018
564,"淄博万杰制药有限公司",2018
164,"北京红林制药有限公司",2018
164,"北京红林制药有限公司",2019
564,"淄博万杰制药有限公司",2019
564,"淄博万杰制药有限公司",2020
188,"南京易亨制药有限公司",2021
164,"北京红林制药有限公司",2021
660,"赛诺菲(北京)制药有限公司",2016
86,"上海天赐福生物工程有限公司",2016
146,"北京北陆药业股份有限公司",2016
660,"赛诺菲(北京)制药有限公司",2017
660,"赛诺菲(北京)制药有限公司",2018
NA,"北大医药股份有限公司",2018
NA,"双鹤天安药业(贵州)股份有限公司",2018
657,"贵州圣济堂制药有限公司",2018
146,"北京北陆药业股份有限公司",2018
389,"扬子江药业集团广州海瑞药业有限公司",2018
303,"山东新华制药股份有限公司",2018
657,"贵州圣济堂制药有限公司",2019
389,"扬子江药业集团广州海瑞药业有限公司",2019
146,"北京北陆药业股份有限公司",2020
682,"重庆康刻尔制药有限公司",2020
657,"贵州圣济堂制药有限公司",2020
233,"四川海汇药业有限公司（扬子江药业集团广州海瑞药业有限公司受委托生产）",2020
NA,"重庆康刻尔制药股份有限公司",2020
NA,"双鹤天安药业(贵州)股份有限公司",2020
86,"上海天赐福生物工程有限公司",2020
660,"赛诺菲(北京)制药有限公司",2020
NA,"复星万邦(江苏)医药集团有限公司",2020
660,"赛诺菲(北京)制药有限公司",2021
657,"贵州圣济堂制药有限公司",2021
389,"扬子江药业集团广州海瑞药业有限公司",2021
146,"北京北陆药业股份有限公司",2021
NA,"双鹤天安药业(贵州)股份有限公司",2021
NA,"重庆康刻尔制药股份有限公司",2021
488,"河南科伦药业有限公司",2015
649,"蚌埠丰原涂山制药有限公司",2015
503,"浙江天瑞药业有限公司",2015
285,"安徽双鹤药业有限责任公司",2015
594,"湖南康源制药有限公司",2015
285,"安徽双鹤药业有限责任公司",2016
629,"福建天泉药业股份有限公司",2016
480,"河北天成药业股份有限公司",2016
422,"武汉福星生物药业有限公司",2016
649,"蚌埠丰原涂山制药有限公司",2016
301,"山东华鲁制药有限公司",2016
449,"江苏润邦药业有限公司",2016
NA,"海南东联长富制药有限公司",2016
668,"辽宁海神联盛制药有限公司",2016
NA,"Fareva Amboise",2016
559,"海口奇力制药股份有限公司",2016
503,"浙江天瑞药业有限公司",2016
NA,"贵州天地药业有限责任公司",2016
NA,"江苏亚邦生缘药业有限公司",2016
NA,"山东华信制药集团股份有限公司",2016
618,"石家庄四药有限公司",2016
242,"四川美大康华康药业有限公司",2016
600,"湖南金健药业有限责任公司",2016
594,"湖南康源制药有限公司",2016
NA,"华仁药业股份有限公司",2016
NA,"回音必集团江西东亚制药有限公司",2016
703,"青州尧王制药有限公司",2016
NA,"上海华源药业(宁夏)沙赛制药有限公司",2016
75,"上海信谊金朱药业有限公司",2016
NA,"四川太平洋药业有限责任公司",2016
NA,"辽宁民康制药有限公司",2016
285,"安徽双鹤药业有限责任公司",2017
629,"福建天泉药业股份有限公司",2017
663,"辅仁药业集团有限公司",2017
534,"海南华拓天涯制药有限公司",2017
480,"河北天成药业股份有限公司",2017
594,"湖南康源制药有限公司",2017
491,"济川药业集团有限公司",2017
449,"江苏润邦药业有限公司",2017
460,"江苏长江药业有限公司",2017
301,"山东华鲁制药有限公司",2017
81,"上海华源药业(宁夏)沙  制药有限公司",2017
75,"上海信谊金朱药业有限公司",2017
236,"四川科伦药业股份有限公司",2017
242,"四川美大康华康药业有限公司",2017
422,"武汉福星生物药业有限公司",2017
NA,"Fareva Amboise",2017
628,"福州海王福药制药有限公司",2017
NA,"海南东联长富制药有限公司",2017
503,"浙江天瑞药业有限公司",2017
559,"海口奇力制药股份有限公司",2017
NA,"杭州民生药业股份有限公司",2017
NA,"四川太平洋药业有限责任公司",2017
NA,"Fareva Amboise",2018
301,"山东华鲁制药有限公司",2018
668,"辽宁海神联盛制药有限公司",2018
NA,"上海华源药业(宁夏)沙赛制药有限公司",2018
578,"湖北广济药业股份有限公司",2018
594,"湖南康源制药有限公司",2018
285,"安徽双鹤药业有限责任公司",2018
503,"浙江天瑞药业有限公司",2018
NA,"海南东联长富制药有限公司",2018
618,"石家庄四药有限公司",2018
314,"山东齐都药业有限公司",2018
534,"海南华拓天涯制药有限公司",2018
NA,"江苏亚邦生缘药业有限公司",2018
NA,"广东艾希德药业有限公司",2018
NA,"湖北津药药业股份有限公司",2019
559,"海口奇力制药股份有限公司",2019
503,"浙江天瑞药业有限公司",2019
242,"四川美大康华康药业有限公司",2019
285,"安徽双鹤药业有限责任公司",2019
618,"石家庄四药有限公司",2015
236,"四川科伦药业股份有限公司",2015
237,"四川科伦药业股份有限公司(原:四川珍珠)",2016
415,"武汉东信医药科技有限责任公司",2016
487,"河南康达制药有限公司",2017
674,"遂成药业股份有限公司",2017
675,"遂成药业股份有限公司（原:天药新郑)",2017
504,"浙江奥托康制药集团股份有限公司",2017
415,"武汉东信医药科技有限责任公司",2017
NA,"上海上药信谊药厂有限公司",2017
674,"遂成药业股份有限公司",2018
236,"四川科伦药业股份有限公司",2018
NA,"上海上药信谊药厂有限公司",2018
120,"乐普药业股份有限公司",2018
236,"四川科伦药业股份有限公司",2019
120,"乐普药业股份有限公司",2019
415,"武汉东信医药科技有限责任公司",2019
390,"扬子江药业集团有限公司",2020
236,"四川科伦药业股份有限公司",2020
674,"遂成药业股份有限公司",2020
120,"乐普药业股份有限公司",2020
674,"遂成药业股份有限公司",2021
NA,"上海桓华制药有限公司",2021
663,"辅仁药业集团有限公司",2015
553,"海南葫芦娃制药有限公司",2015
308,"山东绿因药业有限公司",2015
294,"宜昌长江药业有限公司",2015
414,"正大青春宝药业有限公司",2016
69,"上海中西三维药业有限公司",2016
NA,"广州柏赛罗药业有限公司",2016
308,"山东绿因药业有限公司",2016
66,"上海上药中西制药有限公司",2016
492,"浙江亚太药业股份有限公司",2016
NA,"晖致制药(大连)有限公司",2016
NA,"万全万特制药(厦门)有限公司",2016
NA,"广东彼迪药业有限公司",2016
214,"哈尔滨华瑞生化药业有限责任公司",2016
554,"海南葫芦娃药业集团股份有限公司",2016
452,"江苏福邦药业有限公司",2016
NA,"江西红星药业有限公司",2016
NA,"辽宁奥达制药有限公司",2016
650,"西南药业股份有限公司",2016
NA,"浙江家和制药有限公司",2016
590,"湖南千金湘江药业股份有限公司",2016
NA,"国药集团广东环球制药有限公司",2016
543,"海南新中正制药有限公司",2017
431,"江苏亚邦爱普森药业有限公司",2017
400,"昆明积大制药股份有限公司",2017
305,"山东方明药业集团股份有限公司",2017
69,"上海中西三维药业有限公司",2017
640,"苏州俞氏药业有限公司",2017
259,"天津华津制药有限公司",2017
414,"正大青春宝药业有限公司",2017
NA,"晖致制药(大连)有限公司",2017
533,"海南全星制药有限公司",2017
354,"康普药业股份有限公司",2017
NA,"国药集团广东环球制药有限公司",2017
NA,"广东彼迪药业有限公司",2017
NA,"广州柏赛罗药业有限公司",2017
214,"哈尔滨华瑞生化药业有限责任公司",2017
308,"山东绿因药业有限公司",2017
NA,"晖致制药(大连)有限公司",2018
400,"昆明积大制药股份有限公司",2018
343,"广东逸舒制药股份有限公司",2018
NA,"广州柏赛罗药业有限公司",2018
308,"山东绿因药业有限公司",2018
492,"浙江亚太药业股份有限公司",2018
354,"康普药业股份有限公司",2018
NA,"国药集团广东环球制药有限公司",2018
NA,"晖致制药(大连)有限公司",2019
308,"山东绿因药业有限公司",2019
NA,"万全万特制药(厦门)有限公司",2019
NA,"国药集团广东环球制药有限公司",2019
366,"成都倍特药业有限公司",2020
159,"北京泰德制药股份有限公司",2016
159,"北京泰德制药股份有限公司",2017
159,"北京泰德制药股份有限公司",2018
159,"北京泰德制药股份有限公司",2019
420,"武汉大安制药有限公司",2019
NA,"远大医学营养科学(武汉)有限公司",2019
159,"北京泰德制药股份有限公司",2020
159,"北京泰德制药股份有限公司",2021
NA,"远大医学营养科学(武汉)有限公司",2021
30,"Hexal AG (Salutas Pharma GmbH)",2015
117,"丹麦H. Lundbeck A/S（西安杨森制药有限公司分装）",2015
110,"东北制药集团沈阳第一制药有限公司",2015
443,"江苏恩华药业股份有限公司",2015
400,"昆明积大制药股份有限公司",2015
273,"太阳石（唐山）药业有限公司",2015
NA,"Salutas Pharma GmbH",2015
NA,"华润三九(唐山)药业有限公司",2015
NA,"H. Lundbeck A/S",2015
NA,"万全万特制药(厦门)有限公司",2015
31,"Hexal AG （Salutas Pharma GmbH）",2017
NA,"Salutas Pharma GmbH",2017
NA,"H. Lundbeck A/S",2017
NA,"H. Lundbeck A/S",2018
443,"江苏恩华药业股份有限公司",2018
650,"西南药业股份有限公司",2021
443,"江苏恩华药业股份有限公司",2021
236,"四川科伦药业股份有限公司",2024
650,"西南药业股份有限公司",2024
443,"江苏恩华药业股份有限公司",2024
NA,"DELPHARM DIJON",2015
NA,"DELPHARM DIJON",2016
51,"Sanofi Winthrop Industrie （  诺菲（杭州）制
药有限公司分装）",2017
NA,"DELPHARM DIJON",2017
NA,"Sanofi Winthrop Industrie",2018
484,"河北龙海药业有限公司",2021
569,"深圳市泛谷药业股份有限公司（厦门力卓药业有限公司受托生产）",2021
53,"Sanofi-AventisFrance（DELPHARMDIJON）（赛诺菲（杭州）制药有限公司分包装）",2021
NA,"厦门力卓药业有限公司",2021
NA,"DELPHARM DIJON",2021
NA,"厦门力卓药业有限公司",2022
484,"河北龙海药业有限公司",2022
NA,"Sanofi Winthrop Industrie",2022
NA,"DELPHARM DIJON",2023
NA,"厦门力卓药业有限公司",2023
712,"齐鲁制药有限公司",2023
484,"河北龙海药业有限公司",2023
295,"山东京卫制药有限公司",2023
428,"江苏万高药业股份有限公司",2023
476,"河北仁合益康药业有限公司",2023
428,"江苏万高药业股份有限公司",2024
NA,"Sanofi Winthrop Industrie",2024
NA,"DELPHARM DIJON",2024
295,"山东京卫制药有限公司",2024
476,"河北仁合益康药业有限公司",2024
NA,"厦门力卓药业有限公司",2024
388,"扬子江药业集团四川海蓉药业有限公司",2016
NA,"北京双吉制药有限公司",2016
NA,"Lek Pharmaceuticals d.d.",2016
410,"杭州默沙东制药有限公司",2017
388,"扬子江药业集团四川海蓉药业有限公司",2017
685,"重庆科瑞制药（集团）有限公司",2017
NA,"Lek Pharmaceuticals d.d.",2017
NA,"北京双吉制药有限公司",2017
410,"杭州默沙东制药有限公司",2018
NA,"Lek Pharmaceuticals d.d.",2018
388,"扬子江药业集团四川海蓉药业有限公司",2019
NA,"Lek Pharmaceuticals d.d.",2019
410,"杭州默沙东制药有限公司",2020
76,"上海先灵葆雅制药有限公司",2015
NA,"海南海神同洲制药有限公司",2016
454,"江苏联环药业股份有限公司",2016
NA,"拜耳医药保健有限公司启东分公司",2016
461,"江苏黄河药业股份有限公司",2016
NA,"辽宁海一制药有限公司",2016
659,"费森尤斯卡比华瑞制药有限公司",2016
NA,"三门峡赛诺维制药有限公司",2017
NA,"青岛双鲸药业股份有限公司",2017
NA,"拜耳医药保健有限公司启东分公司",2018
NA,"三门峡赛诺维制药有限公司",2018
385,"扬子江药业集团上海海尼药业有限公司",2018
NA,"青岛双鲸药业股份有限公司",2018
NA,"万特制药(海南)有限公司",2018
454,"江苏联环药业股份有限公司",2018
431,"江苏亚邦爱普森药业有限公司",2018
157,"北京星昊医药股份有限公司",2018
NA,"万全万特制药(厦门)有限公司",2018
542,"海南新世通制药有限公司",2018
385,"扬子江药业集团上海海尼药业有限公司",2021
64,"万特制药（海南）有限公司",2021
NA,"AstraZeneca Pharmaceuticals LP",2017
NA,"AstraZeneca Pharmaceuticals LP",2018
NA,"Bristol-Myers Squibb Company",2018
NA,"AstraZeneca Pharmaceuticals LP",2019
436,"江苏奥赛康药业有限公司",2020
NA,"AstraZeneca Pharmaceuticals LP",2020
437,"江苏奥赛康药业有限公司（扬州市三药制药有限公司受托生产）",2021
NA,"AstraZeneca Pharmaceuticals LP",2021
183,"南京先声东元制药有限公司",2016
NA,"先声药业有限公司",2016
557,"海南锦瑞制药有限公司",2016
362,"德州德药制药有限公司",2017
557,"海南锦瑞制药有限公司",2017
435,"江苏奥  康药业股份有限公司",2017
183,"南京先声东元制药有限公司",2017
184,"南京制药厂有限公司",2017
323,"山西振东泰盛制药有限公司",2017
77,"上海凯茂生物医药有限公司",2017
391,"扬子江药业集团有限公司(原:南京亚东启天)",2017
NA,"先声药业有限公司",2017
NA,"Eli Lilly and Company",2017
229,"四川汇宇制药有限公司",2018
NA,"Eli Lilly and Company",2018
77,"上海凯茂生物医药有限公司",2018
323,"山西振东泰盛制药有限公司",2018
184,"南京制药厂有限公司",2018
NA,"先声药业有限公司",2018
230,"四川汇宇制药股份有限公司",2018
557,"海南锦瑞制药有限公司",2018
NA,"国药一心制药有限公司",2018
362,"德州德药制药有限公司",2018
NA,"北京协和药厂有限公司",2018
NA,"礼来贸易有限公司",2018
19,"ELILILLYANDCOMPANY",2019
229,"四川汇宇制药有限公司",2019
NA,"Eli Lilly and Company",2019
230,"四川汇宇制药股份有限公司",2020
NA,"Vianex S.A.-Plant C",2021
NA,"吉斯美(武汉)制药有限公司",2021
NA,"先声药业有限公司",2021
587,"湖南九典制药有限公司",2015
669,"辽宁诺维诺制药股份有限公司",2015
578,"湖北广济药业股份有限公司",2015
582,"湖北济安堂药业有限公司",2015
591,"湖南华纳大药厂有限公司",2015
588,"湖南九典制药股份有限公司",2015
490,"济南利民制药有限责任公司",2015
461,"江苏黄河药业股份有限公司",2015
691,"锦州九泰药业有限责任公司",2015
310,"山东罗欣药业集团股份有限公司",2015
469,"沈阳圣元药业有限公司",2015
109,"世贸天阶制药（江苏）有限责任公司",2015
201,"印度瑞迪博士实验室有限公司（印度瑞迪博士实验室有限公司）",2015
469,"沈阳圣元药业有限公司",2016
NA,"Takeda GmbH production site Oranienburg",2016
588,"湖南九典制药股份有限公司",2016
669,"辽宁诺维诺制药股份有限公司",2016
60,"Takeda GmbH（Takeda GmbH production site
Oranienburg）",2017
578,"湖北广济药业股份有限公司",2017
582,"湖北济安堂药业有限公司",2017
588,"湖南九典制药股份有限公司",2017
490,"济南利民制药有限责任公司",2017
461,"江苏黄河药业股份有限公司",2017
691,"锦州九泰药业有限责任公司",2017
669,"辽宁诺维诺制药股份有限公司",2017
469,"沈阳圣元药业有限公司",2017
109,"世贸天阶制药（江苏）有限责任公司",2017
NA,"Takeda GmbH production site Oranienburg",2017
669,"辽宁诺维诺制药股份有限公司",2018
588,"湖南九典制药股份有限公司",2018
NA,"Takeda GmbH production site Oranienburg",2018
5,"AurobindoPharmaLimited",2021
588,"湖南九典制药股份有限公司",2021
406,"杭州康恩贝制药有限公司",2021
NA,"Aurobindo Pharma Limited",2021
NA,"Aurobindo Pharma Limited",2022
588,"湖南九典制药股份有限公司",2022
406,"杭州康恩贝制药有限公司",2023
NA,"Aurobindo Pharma Limited",2023
588,"湖南九典制药股份有限公司",2023
NA,"Takeda GmbH production site Oranienburg",2023
310,"山东罗欣药业集团股份有限公司",2023
592,"湖南华纳大药厂股份有限公司",2023
588,"湖南九典制药股份有限公司",2024
310,"山东罗欣药业集团股份有限公司",2024
NA,"Aurobindo Pharma Limited",2024
592,"湖南华纳大药厂股份有限公司",2024
202,"参天制药（中国）有限公司",2015
613,"珠海联邦制药股份有限公司中山分公司",2015
20,"EUSAN GmbH（URSAHARM Arzneimittel GmbH）",2015
203,"参天制药株式会社（参天制药（中国）有限公司分装）",2015
166,"千寿制药株式会社（千寿制药株式会社 福崎工厂）Senju Pharmaceutical Co.，Ltd.(Senju Pharmaceutical Co.，Ltd. Pukusaki Plant)",2015
302,"山东博士伦福瑞达制药有限公司",2015
505,"浙江尖峰药业有限公司",2015
203,"参天制药株式会社（参天制药（中国）有限公司分装）",2016
166,"千寿制药株式会社（千寿制药株式会社 福崎工厂）Senju Pharmaceutical Co.，Ltd.(Senju Pharmaceutical Co.，Ltd. Pukusaki Plant)",2016
302,"山东博士伦福瑞达制药有限公司",2016
NA,"URSAPHARM Arzneimittel GmbH",2016
NA,"参天制药(中国)有限公司",2016
NA,"SENJU PHARMACEUTICAL CO.,LTD. Fukusaki Plant",2016
NA,"Santen Pharmaceutical Co.,Ltd. Noto Plant",2016
505,"浙江尖峰药业有限公司",2017
302,"山东博士伦福瑞达制药有限公司",2017
NA,"URSAPHARM Arzneimittel GmbH",2017
NA,"参天制药(中国)有限公司",2017
NA,"URSAPHARM Arzneimittel GmbH",2018
NA,"参天制药(中国)有限公司",2018
NA,"Santen Pharmaceutical Co.,Ltd. Noto Plant",2018
613,"珠海联邦制药股份有限公司中山分公司",2018
302,"山东博士伦福瑞达制药有限公司",2018
NA,"苏州乐珠制药有限公司",2019
114,"中山万汉制药有限公司",2021
464,"江西珍视明药业有限公司",2021
377,"成都普什制药有限公司",2021
NA,"珍视明(江西)药业股份有限公司",2021
NA,"珍视明(江西)药业股份有限公司",2022
114,"中山万汉制药有限公司",2022
377,"成都普什制药有限公司",2022
114,"中山万汉制药有限公司",2023
377,"成都普什制药有限公司",2023
NA,"珍视明(江西)药业股份有限公司",2023
613,"珠海联邦制药股份有限公司中山分公司",2023
114,"中山万汉制药有限公司",2024
377,"成都普什制药有限公司",2024
NA,"Astellas Pharma Europe B.V.",2015
NA,"天圣制药集团股份有限公司",2016
NA,"山东鲁西药业有限公司",2016
NA,"仁和堂药业有限公司",2016
NA,"天津太平洋制药有限公司",2016
NA,"江苏平光制药(焦作)有限公司",2016
321,"山西振东制药股份有限公司",2016
71,"上海信谊万象药业股份有限公司",2016
NA,"黑龙江澳利达奈德制药有限公司",2016
NA,"合肥立方制药股份有限公司",2016
NA,"新乡市常乐制药有限责任公司",2019
670,"远大医药（中国）有限公司",2020
NA,"远大医药(中国)有限公司",2020
NA,"Novartis Pharma Produktions GmbH",2018
622,"石药集团欧意药业有限公司",2018
NA,"Novartis Pharma Produktions GmbH",2019
622,"石药集团欧意药业有限公司",2019
NA,"Novartis Pharma Produktions GmbH",2020
NA,"Novartis Pharma Produktions GmbH",2021
115,"中美上海施贵宝制药有限公司",2015
329,"常州制药厂有限公司",2015
NA,"湖南明瑞制药股份有限公司",2015
NA,"浙江国光生物制药股份有限公司",2015
492,"浙江亚太药业股份有限公司",2015
NA,"吉林省东北亚药业股份有限公司",2015
NA,"山西双雁药业有限公司",2015
NA,"江苏鹏鹞药业有限公司",2016
NA,"湖南湘雅制药有限公司",2016
171,"华北制药股份有限公司",2016
NA,"山东健康药业有限公司",2016
NA,"山东明仁福瑞达制药股份有限公司",2016
104,"上海衡山药业有限公司",2016
NA,"上海上药信谊药厂有限公司",2016
568,"深圳市中联制药有限公司",2016
NA,"世贸天阶制药(江苏)有限责任公司",2016
657,"贵州圣济堂制药有限公司",2016
NA,"昆山培力药品有限公司",2016
568,"深圳市中联制药有限公司",2017
NA,"爱施健(广东)制药有限公司",2017
685,"重庆科瑞制药（集团）有限公司",2020
72,"上海信谊天平药业有限公司",2020
617,"石家庄以岭药业股份有限公司",2020
648,"蓬莱诺康药业有限公司",2020
145,"北京京丰制药集团有限公司",2020
480,"河北天成药业股份有限公司",2020
171,"华北制药股份有限公司",2020
171,"华北制药股份有限公司",2021
648,"蓬莱诺康药业有限公司",2021
NA,"河北山姆士药业有限公司",2015
702,"青岛黄海制药有限责任公司",2015
NA,"亚宝药业太原制药有限公司",2015
NA,"福州辰星药业有限公司",2016
NA,"山东司邦得制药有限公司",2016
441,"江苏德源药业股份有限公司",2016
NA,"山西华元医药生物技术有限公司",2016
143,"北京万辉双鹤药业有限责任公司",2016
376,"成都恒瑞制药有限公司",2016
NA,"河南福森药业有限公司",2016
NA,"重庆科瑞南海制药有限责任公司",2017
143,"北京万辉双鹤药业有限责任公司",2018
NA,"河北山姆士药业有限公司",2018
364,"悦康药业集团股份有限公司",2018
364,"悦康药业集团股份有限公司",2020
340,"广东赛康制药厂有限公司",2020
255,"天方药业有限公司",2020
143,"北京万辉双鹤药业有限责任公司",2020
619,"石家庄市华新药业有限责任公司",2020
441,"江苏德源药业股份有限公司",2020
180,"南京亿华药业有限公司",2020
364,"悦康药业集团股份有限公司",2021
682,"重庆康刻尔制药有限公司",2015
NA,"重庆康刻尔制药股份有限公司",2017
524,"浙江金华康恩贝生物制药有限公司",2016
384,"成都锦华药业有限责任公司",2016
293,"宜昌人福药业有限责任公司",2016
215,"哈尔滨珍宝制药有限公司",2020
290,"安斯泰来制药（中国）有限公司",2015
NA,"浙江仟源海力生制药有限公司",2015
NA,"安斯泰来制药(中国)有限公司",2015
NA,"安斯泰来制药(中国)有限公司",2016
NA,"浙江仟源海力生制药有限公司",2016
406,"杭州康恩贝制药有限公司",2016
406,"杭州康恩贝制药有限公司",2017
NA,"浙江仟源海力生制药有限公司",2017
NA,"安斯泰来制药(中国)有限公司",2017
NA,"安斯泰来制药(中国)有限公司",2018
406,"杭州康恩贝制药有限公司",2018
NA,"浙江仟源海力生制药有限公司",2018
406,"杭州康恩贝制药有限公司",2020
89,"上海安必生制药技术有限公司（杭州民生滨江制药有限公司受托生产）",2020
517,"浙江海力生制药有限公司",2020
NA,"浙江仟源海力生制药有限公司",2020
NA,"浙江仟源海力生制药有限公司",2021
456,"江苏豪森药业股份有限公司",2015
657,"贵州圣济堂制药有限公司",2015
683,"重庆植恩药业有限公司",2015
695,"陕西方舟制药有限公司",2016
196,"卫材(中国)药业有限公司",2016
683,"重庆植恩药业有限公司",2016
657,"贵州圣济堂制药有限公司",2017
695,"陕西方舟制药有限公司",2017
683,"重庆植恩药业有限公司",2017
196,"卫材(中国)药业有限公司",2018
683,"重庆植恩药业有限公司",2018
695,"陕西方舟制药有限公司",2018
683,"重庆植恩药业有限公司",2020
695,"陕西方舟制药有限公司",2022
257,"天津力生制药股份有限公司",2022
499,"浙江华海药业股份有限公司",2022
NA,"植恩生物技术股份有限公司",2022
186,"南京恒生制药有限公司",2015
615,"瑞阳制药有限公司",2015
397,"施维雅（天津）制药有限公司",2015
432,"江苏吴中医药集团有限公司苏州制药厂",2015
318,"山西仟源医药集团股份有限公司",2015
670,"远大医药（中国）有限公司",2015
563,"涿州东乐制药有限公司",2015
616,"瑞阳制药股份有限公司",2015
NA,"远大医药(中国)有限公司",2015
396,"施维雅(天津)制药有限公司",2015
142,"北京万生药业有限责任公司",2016
396,"施维雅(天津)制药有限公司",2016
NA,"湖北四环制药有限公司",2016
563,"涿州东乐制药有限公司",2016
318,"山西仟源医药集团股份有限公司",2016
142,"北京万生药业有限责任公司",2017
432,"江苏吴中医药集团有限公司苏州制药厂",2017
186,"南京恒生制药有限公司",2017
615,"瑞阳制药有限公司",2017
318,"山西仟源医药集团股份有限公司",2017
670,"远大医药（中国）有限公司",2017
563,"涿州东乐制药有限公司",2017
396,"施维雅(天津)制药有限公司",2017
163,"北京福元医药股份有限公司",2017
NA,"湖北四环制药有限公司",2017
396,"施维雅(天津)制药有限公司",2018
NA,"远大医药(中国)有限公司",2018
616,"瑞阳制药股份有限公司",2018
186,"南京恒生制药有限公司",2018
NA,"湖北四环制药有限公司",2018
432,"江苏吴中医药集团有限公司苏州制药厂",2020
615,"瑞阳制药有限公司",2020
616,"瑞阳制药股份有限公司",2020
616,"瑞阳制药股份有限公司",2021
432,"江苏吴中医药集团有限公司苏州制药厂",2021
573,"深圳翰宇药业股份有限公司",2020
NA,"合肥立方制药股份有限公司",2022
330,"常州华生制药有限公司",2015
NA,"Patheon France",2015
640,"苏州俞氏药业有限公司",2015
NA,"Patheon France",2016
66,"上海上药中西制药有限公司",2017
NA,"Patheon France",2018
318,"山西仟源医药集团股份有限公司",2020
318,"山西仟源医药集团股份有限公司",2021
265,"天津怀仁制药有限公司",2021
318,"山西仟源医药集团股份有限公司",2022
265,"天津怀仁制药有限公司",2022
NA,"Patheon France",2022
66,"上海上药中西制药有限公司",2023
318,"山西仟源医药集团股份有限公司",2024
265,"天津怀仁制药有限公司",2024
NA,"Rottendorf Pharma GmbH",2015
NA,"Rottendorf Pharma GmbH",2016
NA,"Rottendorf Pharma GmbH",2017
NA,"Rottendorf Pharma GmbH",2018
284,"安徽华辰制药有限公司",2020
348,"广州白云山医药集团股份有限公司白云山制药总厂",2020
598,"湖南洞庭药业股份有限公司",2021
376,"成都恒瑞制药有限公司",2015
368,"成都利尔药业有限公司",2015
342,"广东逸舒制药有限公司",2015
173,"华夏药业集团有限公司",2015
259,"天津华津制药有限公司",2015
64,"万特制药（海南）有限公司",2015
493,"浙江京新药业股份有限公司",2015
511,"浙江新东港药业股份有限公司",2015
NA,"万特制药(海南)有限公司",2015
NA,"晖致制药(大连)有限公司",2015
NA,"成都奥邦药业有限公司",2015
343,"广东逸舒制药股份有限公司",2015
NA,"浙江乐普药业股份有限公司",2015
NA,"万特制药(海南)有限公司",2016
376,"成都恒瑞制药有限公司",2017
64,"万特制药（海南）有限公司",2017
511,"浙江新东港药业股份有限公司",2017
318,"山西仟源医药集团股份有限公司",2018
NA,"广东彼迪药业有限公司",2018
493,"浙江京新药业股份有限公司",2022
259,"天津华津制药有限公司",2024
NA,"Bayer AG",2016
NA,"Bayer AG",2018
680,"重庆华邦制药有限公司",2020
185,"南京圣和药业股份有限公司",2020
10,"BayerAG（拜耳医药保健有限公司分包装）",2020
NA,"广东东阳光药业股份有限公司;宜昌东阳光长江药业股份有限公司",2020
NA,"广东东阳光药业股份有限公司",2022
566,"深圳信立泰药业股份有限公司",2015
NA,"Sanofi Winthrop Industrie",2017
54,"SanofiClirSNC（SanofiWinthropIndustrie）（赛诺菲（杭州）制药有限公司分包装）",2019
NA,"Sanofi Winthrop Industrie",2019
NA,"Sanofi Winthrop Industrie",2021
NA,"湖南迪诺制药股份有限公司",2021
454,"江苏联环药业股份有限公司",2021
NA,"Dr. Reddy`s Laboratories Limited",2021
NA,"浙江和泽医药科技股份有限公司",2021
597,"湖南汉森制药股份有限公司",2015
NA,"上海黄海制药有限责任公司",2015
NA,"四川德元药业集团有限公司",2015
NA,"上海玉瑞生物科技(安阳)药业有限公司",2016
346,"广州康和药业有限公司",2016
NA,"四川彩虹制药有限公司",2016
257,"天津力生制药股份有限公司",2017
NA,"灵宝市豫西药业有限责任公司",2017
346,"广州康和药业有限公司",2020
628,"福州海王福药制药有限公司",2020
257,"天津力生制药股份有限公司",2020
257,"天津力生制药股份有限公司",2021
346,"广州康和药业有限公司",2021
445,"江苏正大丰海制药有限公司",2017
292,"宜昌东阳光长江药业股份有限公司",2017
445,"江苏正大丰海制药有限公司",2018
292,"宜昌东阳光长江药业股份有限公司",2020
445,"江苏正大丰海制药有限公司",2020
115,"中美上海施贵宝制药有限公司",2019
115,"中美上海施贵宝制药有限公司",2020
115,"中美上海施贵宝制药有限公司",2021
388,"扬子江药业集团四川海蓉药业有限公司",2020
178,"华润赛科药业有限责任公司",2020
181,"南京优科制药有限公司",2020
168,"华中药业股份有限公司",2015
NA,"南京白敬宇制药有限责任公司",2015
NA,"国药控股星鲨制药(厦门)有限公司",2015
NA,"上海新黄河制药有限公司",2015
269,"天津金世制药有限公司",2016
NA,"广东恒健制药有限公司",2016
NA,"红云制药(贵州)有限公司",2016
245,"国药集团容生制药有限公司",2016
NA,"华夏国药(菏泽)制药有限公司",2016
NA,"山西国润制药有限公司",2016
NA,"新乡市常乐制药有限责任公司",2016
NA,"天津飞鹰玉川药业有限公司",2018
578,"湖北广济药业股份有限公司",2020
NA,"杭州民生药业股份有限公司",2020
NA,"杭州民生药业股份有限公司",2021
79,"上海勃林格殷格翰药业有限公司",2020
NA,"湖南明瑞制药股份有限公司",2022
296,"山东凤凰制药股份有限公司",2015
320,"山西康立生药业有限公司",2015
178,"华润赛科药业有限责任公司",2015
462,"江西制药有限责任公司",2015
296,"山东凤凰制药股份有限公司",2016
162,"北京益民药业有限公司",2017
211,"吉林省集安益盛药业股份有限公司",2017
119,"乐普药业（北京）有限责任公司",2017
278,"宁波大红鹰药业股份有限公司",2017
296,"山东凤凰制药股份有限公司",2017
105,"上海迪  诺生物医药有限公司",2017
470,"沈阳管城制药有限责任公司",2017
234,"四川省百草生物药业有限公司",2017
654,"西安汉丰药业有限责任公司",2017
686,"重庆药友制药有限责任公司",2019
245,"国药集团容生制药有限公司",2019
295,"山东京卫制药有限公司",2016
210,"吉林省西点药业科技发展股份有限公司",2016
NA,"H. Lundbeck A/S",2016
210,"吉林省西点药业科技发展股份有限公司",2017
295,"山东京卫制药有限公司",2017
524,"浙江金华康恩贝生物制药有限公司",2017
295,"山东京卫制药有限公司",2018
210,"吉林省西点药业科技发展股份有限公司",2018
524,"浙江金华康恩贝生物制药有限公司",2018
295,"山东京卫制药有限公司",2019
598,"湖南洞庭药业股份有限公司",2019
210,"吉林省西点药业科技发展股份有限公司",2019
524,"浙江金华康恩贝生物制药有限公司",2019
NA,"H. Lundbeck A/S",2020
210,"吉林省西点药业科技发展股份有限公司",2020
524,"浙江金华康恩贝生物制药有限公司",2020
295,"山东京卫制药有限公司",2020
295,"山东京卫制药有限公司",2021
NA,"广东东阳光药业股份有限公司",2021
524,"浙江金华康恩贝生物制药有限公司",2021
NA,"H. Lundbeck A/S",2021
210,"吉林省西点药业科技发展股份有限公司",2021
624,"福安药业集团宁波天衡制药有限公司",2021
307,"山东绿叶制药有限公司",2015
596,"湖南方盛制药股份有限公司",2015
517,"浙江海力生制药有限公司",2015
NA,"博福-益普生(天津)制药有限公司",2016
NA,"湖北汇中制药股份有限公司",2016
592,"湖南华纳大药厂股份有限公司",2017
590,"湖南千金湘江药业股份有限公司",2017
188,"南京易亨制药有限公司",2017
307,"山东绿叶制药有限公司",2017
517,"浙江海力生制药有限公司",2017
143,"北京万辉双鹤药业有限责任公司",2017
NA,"山东仙河药业有限公司",2017
532,"海南先声药业有限公司",2018
NA,"博福-益普生(天津)制药有限公司",2018
307,"山东绿叶制药有限公司",2018
592,"湖南华纳大药厂股份有限公司",2019
219,"哈药集团中药二厂",2019
517,"浙江海力生制药有限公司",2019
NA,"浙江仟源海力生制药有限公司",2019
NA,"先声药业有限公司",2019
238,"四川维奥制药有限公司",2019
219,"哈药集团中药二厂",2021
592,"湖南华纳大药厂股份有限公司",2021
596,"湖南方盛制药股份有限公司",2021
475,"河北万岁药业有限公司",2015
NA,"中孚药业股份有限公司",2016
106,"上海长城药业有限公司",2016
NA,"中孚药业股份有限公司",2017
475,"河北万岁药业有限公司",2017
475,"河北万岁药业有限公司",2018
461,"江苏黄河药业股份有限公司",2018
NA,"中孚药业股份有限公司",2018
71,"上海信谊万象药业股份有限公司",2018
461,"江苏黄河药业股份有限公司",2019
282,"宁波美诺华天康药业有限公司",2021
247,"国药集团汕头金石制药有限公司",2021
NA,"Bayer Bitterfeld GmbH",2016
NA,"湖北欧立制药有限公司",2016
NA,"广西南宁百会药业集团有限公司",2016
145,"北京京丰制药集团有限公司",2017
359,"弘美制药（中国）有限公司",2017
428,"江苏万高药业股份有限公司",2017
194,"南通久和药业有限公司",2017
509,"浙江得恩德制药有限公司",2017
NA,"广西南宁百会药业集团有限公司",2017
NA,"浙江昂利康制药股份有限公司",2018
NA,"广西南宁百会药业集团有限公司",2018
336,"广东华润顺峰药业有限公司",2020
679,"重庆华森制药股份有限公司",2020
336,"广东华润顺峰药业有限公司",2022
NA,"广西南宁百会药业集团有限公司",2022
428,"江苏万高药业股份有限公司",2022
NA,"特一药业集团股份有限公司",2022
679,"重庆华森制药股份有限公司",2022
NA,"重庆希尔安药业有限公司",2022
NA,"Bristol-Myers Squibb Manufacturing Company",2018
433,"江苏嘉逸医药有限公司",2020
711,"齐鲁制药（海南）有限公司",2020
NA,"齐鲁制药(海南)有限公司",2020
NA,"常州恒邦药业有限公司",2020
NA,"Bristol-Myers Squibb Manufacturing Company",2021
NA,"常州恒邦药业有限公司",2021
99,"上海现代制药股份有限公司",2016
NA,"Pliva Croatia Ltd.",2016
432,"江苏吴中医药集团有限公司苏州制药厂",2016
666,"辰欣药业股份有限公司(原：鲁抗辰欣)",2017
664,"辉瑞制药有限公司",2017
617,"石家庄以岭药业股份有限公司",2017
516,"浙江永宁药业股份有限公司",2017
NA,"Pliva Croatia Ltd.",2017
NA,"山东鲁抗医药集团赛特有限责任公司",2017
NA,"山东鲁抗医药集团赛特有限责任公司",2018
684,"重庆科瑞制药(集团)有限公司",2018
NA,"重庆康刻尔制药股份有限公司",2019
500,"浙江华润三九众益制药有限公司",2020
154,"北京太洋药业有限公司",2015
NA,"四川科创制药集团有限公司",2016
329,"常州制药厂有限公司",2016
NA,"北京太洋药业股份有限公司",2016
175,"华润双鹤利民药业（济南）有限公司",2017
417,"武汉五景药业有限公司",2017
NA,"上海海虹实业(集团)巢湖今辰药业有限公司",2017
NA,"北京太洋药业股份有限公司",2017
NA,"华润双鹤利民药业(济南)有限公司",2017
NA,"葵花药业集团(衡水)得菲尔有限公司",2017
NA,"华润双鹤利民药业(济南)有限公司",2018
NA,"北京太洋药业股份有限公司",2018
NA,"重庆芸峰药业有限公司",2019
152,"北京四环制药有限公司",2020
639,"苏州二叶制药有限公司",2020
151,"北京嘉林药业股份有限公司",2015
664,"辉瑞制药有限公司",2015
511,"浙江新东港药业股份有限公司",2016
NA,"浙江乐普药业股份有限公司",2016
151,"北京嘉林药业股份有限公司",2016
34,"Lek Pharmaceuticals d.d（山德士（中国）制药有
限公司分装）",2017
151,"北京嘉林药业股份有限公司",2017
NA,"浙江乐普药业股份有限公司",2017
151,"北京嘉林药业股份有限公司",2018
NA,"浙江乐普药业股份有限公司",2018
118,"乐普制药科技有限公司",2019
140,"兴安药业有限公司",2019
151,"北京嘉林药业股份有限公司",2019
NA,"浙江乐普药业股份有限公司",2019
NA,"福建东瑞制药有限公司",2019
118,"乐普制药科技有限公司",2020
NA,"福建东瑞制药有限公司",2020
616,"瑞阳制药股份有限公司",2019
621,"石药集团中诺药业（石家庄）有限公司",2020
555,"海南通用三洋药业有限公司",2020
599,"湖南科伦制药有限公司",2020
