Name,Firm,Price,Volume,Count
阿托伐他汀钙片,浙江新东港药业股份有限公司,42.74,10mg,14.0
氨甲环酸注射液,山西普德药业股份有限公司,31.6,5ml,1
八正胶囊,四川光大制药有限公司,35.77,,12
百合固金颗粒,迪沙药业集团有限公司,28.67,9g,15.0
百蕊片,香港九华华源集团滁州药业有限公司,25,0.4g,24.0
倍他米松磷酸钠注射液,遂成药业股份有限公司,15.62,1ml,1
苯磺酸氨氯地平片,北京红林制药有限公司,7.12,5mg,28.0
苯磺酸左旋氨氯地平片,迪沙药业集团有限公司,39.81,2.5mg,24.0
苯磺酸左旋氨氯地平片,苏州东瑞制药有限公司,14.62,2.5mg,14.0
苯磺酸左旋氨氯地平片,苏州东瑞制药有限公司,28.51,2.5mg,28.0
吡拉西坦氯化钠注射液,山东威高药业股份有限公司,21.65,50ml,1
冰栀伤痛气雾剂,贵州景诚制药有限公司,43.9,100g,1
玻璃酸钠滴眼液,参天制药株式会社（参天制药（中国）有限公司分装）,4.8,0.4ml,1
玻璃酸钠滴眼液,千寿制药株式会社（千寿制药株式会社 福崎工厂）Senju Pharmaceutical Co.，Ltd.(Senju Pharmaceutical Co.，Ltd. Pukusaki Plant),22.89,5mg,1
玻璃酸钠注射液,上海景峰制药有限公司,139.04,2.5ml,1
参麦注射液,正大青春宝药业有限公司,13.25,10ml,1
肠泰合剂,吉林省力胜制药有限公司,49.81,100ml,1
肠泰合剂,吉林省力胜制药有限公司,123,250ml,1
达肝素钠注射液,南京健友生化制药股份有限公司,35.2,0.2ml,1
大蒜素软胶囊,新疆华世丹药业有限公司,46.95,400mg,20.0
单硝酸异山梨酯缓释胶囊(Ⅰ),广东隆信制药有限公司,35.91,50mg,20.0
单硝酸异山梨酯缓释片,乐普药业股份有限公司,22.86,40mg,24.0
多巴丝肼胶囊,上海益生源药业有限公司,37.89,125mg,40.0
厄贝沙坦分散片,潍坊中狮制药有限公司,24.06,75mg,15.0
厄贝沙坦分散片,潍坊中狮制药有限公司,40.75,0.15g,14.0
厄贝沙坦分散片,潍坊中狮制药有限公司,29.47,0.15g,10.0
厄贝沙坦氢氯噻嗪片,浙江华圣爱诺药业有限公司,28.91,150mg,12.0
厄贝沙坦氢氯噻嗪片,浙江华圣爱诺药业有限公司,33.54,150mg,14.0
恩替卡韦分散片,安徽贝克生物制药有限公司,185.37,0.5mg,14.0
恩替卡韦分散片,安徽贝克生物制药有限公司,92.71,0.5mg,7.0
非洛地平缓释片(Ⅱ),合肥立方制药股份有限公司,38.34,5mg,20.0
风湿骨痛片,安徽美欣制药有限公司,32.45,0.36g,48.0
伏格列波糖胶囊,杭州中美华东制药有限公司,36.92,0.2mg,30.0
氟康唑片,乐普药业股份有限公司,11.65,100mg,6.0
氟康唑片,乐普药业股份有限公司,6.09,50mg,6.0
复方氯化钠注射液,山东威高药业股份有限公司,5.71,500ml,1
复方乳酸钠山梨醇注射液,浙江济民制药股份有限公司,45.66,500ml,1
复方愈酚喷托那敏糖浆,西南药业股份有限公司,22.35,100ml,1
复方愈酚喷托那敏糖浆,西南药业股份有限公司,32.53,150ml,1
富马酸酮替芬分散片,山东绿因药业有限公司,18.55,1mg,24.0
甘露醇注射液,山东威高药业股份有限公司,5.26,250ml,1
甘露醇注射液,上海百特医疗用品有限公司,8.39,250ml,250.0
甘露醇注射液,上海百特医疗用品有限公司,7.64,100ml,100.0
格列齐特缓释片,LES LABORATOIRES SERVIER INDUSTRIE （施维雅天津制药有限公司分装）,39.95,60mg,15.0
宫瘤宁胶囊,陕西白云制药有限公司,36.05,0.36g,45.0
红花逍遥胶囊,云南楚雄天利药业有限公司,45.25,0.4g,36.0
琥珀酸舒马普坦片,先声药业有限公司,34.07,25mg,6.0
肌苷葡萄糖注射液,江苏晨牌药业集团股份有限公司,12.61,100ml,1
加替沙星分散片,峨眉山通惠制药有限公司,20.73,0.1g,12.0
加替沙星分散片,峨眉山通惠制药有限公司,30.45,0.1g,16.0
加替沙星分散片,峨眉山通惠制药有限公司,41.2,0.1g,24.0
加替沙星分散片,峨眉山通惠制药有限公司,16.04,0.1g,8.0
甲钴胺胶囊,台湾泛生制药厂股份有限公司,39.51,0.5mg,30.0
甲磺酸二氢麦角碱缓释片,宝利化（南京）制药有限公司,48.86,2.5mg,25.0
甲硝唑氯化钠注射液,上海百特医疗用品有限公司,7.52,100ml,1
金刚藤丸,怀化正好制药有限公司,35.88,,
金刚藤丸,怀化正好制药有限公司,46.52,,
金荞麦胶囊,多多药业有限公司,35.73,22g,60.0
聚苯乙烯磺酸钙散,青岛国海生物制药有限公司,77.5,10g,3.0
卡介菌多糖核酸注射液,浙江万晟药业有限公司,5.36,,1
卡培他滨片,齐鲁制药有限公司,77.37,0.15g,10.0
克拉霉素分散片,海润（秦皇岛）药业有限公司,23.03,125mg,24.0
克拉霉素片,杭州中美华东制药有限公司,9.3,0.25g,6.0
克林霉素磷酸酯片,湖南九典制药股份有限公司,20.37,150mg,24.0
克林霉素磷酸酯注射液,成都普什制药有限公司,26.16,4ml,1
克霉唑阴道片,迪沙药业集团有限公司,13.04,0.5g,2.0
克霉唑阴道片,迪沙药业集团有限公司,19.27,0.5g,3.0
兰索拉唑肠溶胶囊,北京红林制药有限公司,33.59,15mg,14.0
兰索拉唑肠溶胶囊,北京红林制药有限公司,24.3,15mg,10.0
兰索拉唑肠溶胶囊,北京红林制药有限公司,41.3,30mg,10.0
兰索拉唑肠溶片,乐普药业股份有限公司,29.47,15mg,14.0
兰索拉唑肠溶片,乐普药业股份有限公司,15.11,15mg,7.0
兰索拉唑片,成都倍特药业有限公司,31.7,15mg,14.0
乐脉丸,贵州景峰注射剂有限公司,27.67,1.5g,9.0
乐脉丸,康美保宁（四川）制药有限公司,28.5,1.2g,12.0
雷贝拉唑钠肠溶片,成都迪康药业有限公司,66.2,20mg,10.0
利奈唑胺葡萄糖注射液,江苏豪森药业股份有限公司,92.17,100ml,1
硫酸氢氯吡格雷片,深圳信立泰药业股份有限公司,68.55,25mg,20.0
硫酸庆大霉素氟米龙滴眼液,永光制药有限公司,29.03,5ml,1
硫糖铝口服混悬液,上海旭东海普药业有限公司,13.71,5ml,1
洛索洛芬钠胶囊,山东威高药业股份有限公司,10.33,60mg,12.0
马来酸氨氯地平分散片,江苏万高药业有限公司,30.8,5mg,14.0
马来酸左旋氨氯地平分散片,石药集团欧意药业有限公司,35.54,2.5mg,14.0
马尿酸乌洛托品片,湖南明瑞制药有限公司,62.8,0.5g,12.0
明目蒺藜丸,石药集团河北永丰药业有限公司,36.68,,10.0
莫匹罗星软膏,湖北人福成田药业有限公司,21.36,10g,1
那曲肝素钙注射液,南京健友生化制药股份有限公司,52.57,0.4ml,1
脑安颗粒,河南省百泉制药有限公司,43.29,1.2g,10.0
脑安颗粒,河南省百泉制药有限公司,24.87,1.2g,6.0
脑血栓片,天津同仁堂集团股份有限公司,48.45,0.3g,60.0
尼麦角林片,昆山龙灯瑞迪制药有限公司,28.42,5mg,36.0
尼麦角林片,昆山龙灯瑞迪制药有限公司,47.23,10mg,36.0
牛黄解毒片,湖南德康制药股份有限公司,38.54,,12
泮托拉唑钠肠溶胶囊,福州闽海药业有限公司,31.18,40mg,7.0
泮托拉唑钠肠溶胶囊,杭州中美华东制药有限公司,45.22,20mg,14.0
泮托拉唑钠肠溶胶囊,上海爱的发制药有限公司,42.22,40mg,10.0
蒲参胶囊,江苏苏中药业集团股份有限公司,28.26,0.25g,48.0
强肝片,湖南安邦制药有限公司,55.71,0.5g,60.0
羟乙基淀粉200/0.5氯化钠注射液,成都倍特药业有限公司,72,500ml,1
氢化泼尼松注射液,西安利君制药有限责任公司,20.9,2ml,1
祛风止痛丸,吉林吉春制药股份有限公司,41.14,1.1g,200.0
全天麻胶囊,贵州益康制药有限公司,27.11,0.5g,60.0
乳果糖口服溶液,湖南科伦制药有限公司,29.69,100ml,1
乳酸钠林格注射液,山东威高药业股份有限公司,5.48,500ml,1
乳酸左氧氟沙星氯化钠注射液,山东华鲁制药有限公司,4.85,200mg,1
乳酸左氧氟沙星氯化钠注射液,浙江医药股份有限公司新昌制药厂,30.05,100ml,1
瑞格列奈片,北京万生药业有限责任公司,18.22,0.5mg,30.0
瑞格列奈片,北京万生药业有限责任公司,32.42,1.0mg,30.0
瑞舒伐他汀钙胶囊,海南通用三洋药业有限公司,81.61,10mg,14.0
瑞舒伐他汀钙胶囊,海南通用三洋药业有限公司,41.85,10mg,7.0
肾康宁胶囊,江西普正制药有限公司,40.56,0.35g,24.0
石榴健胃丸,西藏雄巴拉曲神水藏药有限公司,70.78,0.6g,48.0
双黄连片,哈尔滨圣泰生物制药有限公司,17.1,0.53g,48.0
双氯芬酸钠肠溶胶囊,永信药品工业（昆山）有限公司,20,50mg,20.0
碳酸钙D3颗粒,北京康远制药有限公司,46.54,3g,12.0
替吉奥片,齐鲁制药有限公司,1667.18,,
替吉奥片,齐鲁制药有限公司,1335.71,5mg,28.0
头孢克洛缓释片,湖南百草制药有限公司,25.62,375mg,6.0
头孢克肟片,浙江巨泰药业有限公司,20.3,0.2g,6.0
维A酸乳膏,上海通用药业股份有限公司,5.99,10g,
乌苯美司片,西安万隆制药股份有限公司,218.21,30mg,12.0
乌苯美司片,西安万隆制药股份有限公司,111.9,30mg,6.0
五海瘿瘤丸,安阳路德药业有限责任公司,58.26,5g,10.0
吸入用七氟烷,鲁南贝特制药有限公司,707.41,100ml,1
小柴胡胶囊,浙江海正药业股份有限公司,33.62,0.4g,36.0
小青龙合剂,吉林省集安益盛药业股份有限公司,26.43,10ml,20.0
心可舒丸,吉林吉春制药股份有限公司,41.47,1.9g,96.0
心脉通胶囊,贵州益佰制药股份有限公司,28.35,0.48g,36.0
血栓心脉宁胶囊,吉林华康药业股份有限公司,26.55,0.5g,40.0
血液滤过置换液,华仁药业股份有限公司,56.85,2000ml,
烟酰胺葡萄糖注射液,青海夏都医药有限公司,38.71,250ml,
盐酸氨基葡萄糖片,四川绿叶宝光药业股份有限公司,35.09,0.24g,30.0
盐酸帕罗西汀片,北京万生药业有限责任公司,65.02,20mg,20.0
盐酸文拉法辛胶囊,成都倍特药业有限公司,42.23,25mg,24.0
盐酸伊立替康注射液,海南锦瑞制药有限公司,471.67,2ml,
玉屏风胶囊,江苏吉贝尔药业股份有限公司,37.29,5g,36.0
玉屏风胶囊,江苏吉贝尔药业股份有限公司,21.17,5g,20.0
玉泉胶囊,因科瑞斯药业（营口）有限公司,39.45,0.5g,40.0
注射用阿奇霉素,江苏金丝利药业有限公司,11.99,0.5g,1.0
注射用奥美拉唑钠,江苏金丝利药业有限公司,8.57,40mg,1.0
注射用单磷酸阿糖腺苷,海南锦瑞制药有限公司,24.51,0.1g,
注射用单磷酸阿糖腺苷,海南锦瑞制药有限公司,44.84,0.2g,
注射用单硝酸异山梨酯,瑞阳制药有限公司,30.89,50mg,1.0
注射用环磷腺苷葡胺,无锡凯夫制药有限公司,14.8,30mg,1.0
注射用环磷腺苷葡胺,无锡凯夫制药有限公司,25.81,60mg,1.0
注射用环磷腺苷葡胺,无锡凯夫制药有限公司,32.93,90mg,1.0
注射用甲磺酸加贝酯,重庆华森制药股份有限公司,37.53,0.1g,
注射用克林霉素磷酸酯,峨眉山通惠制药有限公司,5.64,0.3g,
注射用克林霉素磷酸酯,峨眉山通惠制药有限公司,9.21,0.6g,
注射用硫酸特布他林,北京四环科宝制药有限公司,14.21,0.25mg,4.0
注射用奈达铂,江苏奥赛康药业股份有限公司,161.27,20mg,
注射用哌拉西林钠他唑巴坦钠（8:1）,海南通用三洋药业有限公司,17.5,1.125g,
注射用哌拉西林钠他唑巴坦钠（8:1）,海南通用三洋药业有限公司,27.04,2.25g,
注射用哌拉西林钠他唑巴坦钠（8:1）,海南通用三洋药业有限公司,43.43,4.5g,
注射用哌拉西林钠他唑巴坦钠（8:1）,海南通用三洋药业有限公司,9.63,0.5625g,
注射用泮托拉唑钠,杭州中美华东制药有限公司,31.59,40mg,
注射用泮托拉唑钠,江苏奥赛康药业股份有限公司,28.85,40mg,
注射用泮托拉唑钠,江苏金丝利药业有限公司,13.02,40mg,1.0
注射用泮托拉唑钠,山西威奇达光明制药有限公司,20.39,40mg,
注射用泮托拉唑钠,无锡凯夫制药有限公司,31.21,40mg,
注射用培美曲塞二钠,南京先声东元制药有限公司,870,0.1g,
注射用培美曲塞二钠,南京先声东元制药有限公司,1654.54,0.2g,
注射用替考拉宁,浙江医药股份有限公司新昌制药厂,158.26,0.2g,
注射用头孢呋辛钠,深圳信立泰药业股份有限公司,7.29,0.75g,
注射用头孢呋辛钠,深圳致君制药有限公司,30.6,3.0g,
注射用头孢曲松钠,台湾泛生制药厂股份有限公司,55.69,2.0g,
注射用西咪替丁,福安药业集团湖北人民制药有限公司,2.55,0.2g,
注射用西咪替丁,福安药业集团湖北人民制药有限公司,3.59,0.4g,
注射用盐酸表柔比星,北京协和药厂,95.5,10mg,
注射用唑来膦酸浓溶液,Novartis Pharma Schweiz AG (Novartis Pharma Stein AG),2404,5ml,1.0
左乙拉西坦片,重庆圣华曦药业股份有限公司,176.46,0.5g,30.0
注射用头孢呋辛钠,广州白云山天心制药股份有限公司,14.65,1.5g,
注射用头孢呋辛钠,广州白云山天心制药股份有限公司,23,2.0g,1.0
注射用头孢呋辛钠,广州白云山天心制药股份有限公司,12.57,1g,1.0
雌二醇凝胶,BESINS HEALTHCARE BENELUX(Besins Manufacturing Belgium),67.4,30g,
雌二醇凝胶,BESINS HEALTHCARE BENELUX(Besins Manufacturing Belgium),114.75,80g,
丹参注射液,正大青春宝药业有限公司,5.03,10ml,1.0
硫酸沙丁胺醇雾化吸入溶液,上海信谊金朱药业有限公司,12.36,2.5ml,
血栓通胶囊,哈尔滨珍宝制药有限公司,27.62,0.18g,20.0
阿奇霉素片,上海现代制药股份有限公司,4.25,250mg,6.0
吡拉西坦氯化钠注射液,江苏晨牌药业集团股份有限公司,23.19,10g,
吡拉西坦氯化钠注射液,江苏晨牌药业集团股份有限公司,30.53,20g,
参麦注射液,大理药业股份有限公司,41.5,50ml,1.0
丹七胶囊,福州闽海药业有限公司,29.29,0.3g,60.0
厄多司坦分散片,山东罗欣药业集团股份有限公司,19.21,150mg,12.0
厄多司坦胶囊,上海普康药业有限公司,16.65,300mg,6.0
厄多司坦胶囊,上海普康药业有限公司,32.46,300mg,12.0
法莫替丁注射液,江苏康缘药业股份有限公司,0.88,20mg,
泛影葡胺注射液,湖南汉森制药股份有限公司,16.27,12g,
氟康唑胶囊,正大青春宝药业有限公司,7.5,150mg,1.0
复方氨基酸注射液（18AA-Ⅱ）,华瑞制药有限公司,27.43,250ml,
复方氯唑沙宗片,江苏苏中药业集团股份有限公司,14.31,550mg,24.0
复方托吡卡胺滴眼液,参天制药株式会社（参天制药（中国）有限公司分装）,15.65,10ml,
复方维生素（3）注射液,山西普德药业股份有限公司,103.78,5ml,
复方消化酶片,"Daewoong Pharmaceutical Co.,Ltd（Daewoong Pharmaceutical Co.,Ltd）",70.07,,20.0
葛根汤片,瑞阳制药有限公司,18.75,0.4g,36.0
骨肽注射液,长春普华制药股份有限公司,19.04,10ml,
冠脉宁片,吉林华康药业股份有限公司,21.39,500mg,36.0
冠脉宁片,吉林华康药业股份有限公司,28.06,500mg,48.0
活血止痛胶囊,江西百神昌诺药业有限公司,17.1,250mg,48.0
活血止痛胶囊,江西百神昌诺药业有限公司,20.53,250mg,60.0
加替沙星氯化钠注射液,西安万隆制药股份有限公司,21.43,200mg,
甲磺酸氨氯地平片,昆明赛诺制药有限公司,40.6,5mg,28.0
精氨酸布洛芬颗粒,海南赞邦制药有限公司,48.9,0.6g,12.0
坎地沙坦酯胶囊,江苏苏中药业集团股份有限公司,19.87,4mg,14.0
宽胸气雾剂,浙江南洋药业有限公司,200,69mg,
拉坦前列素滴眼液,"Taejoon Pharm. Co., Ltd.（Taejoon Pharm. Co., Ltd.）",114,2.5ml,
利肺片,三普药业有限公司,25.81,0.25g,24.0
慢肝养阴片,北京麦迪海药业有限责任公司,30.6,0.4g,36.0
慢肝养阴片,北京麦迪海药业有限责任公司,51,0.4g,60.0
强力碘溶液,湖南康尔佳制药股份有限公司,9.2,100ml,1.0
强力枇杷露,哈尔滨市康隆药业有限责任公司,56.79,300ml,1.0
强力枇杷露,哈尔滨市康隆药业有限责任公司,31.6,200ml,1.0
清热通淋片,江西杏林白马药业有限公司,22.6,0.39g,36.0
清热通淋片,江西杏林白马药业有限公司,27.3,0.39g,48.0
曲安奈德鼻喷雾剂,昆明源瑞制药有限公司,41.05,,240.0
人参健脾片,河北百善药业有限公司,42.41,0.51g,24.0
人参健脾片,河北百善药业有限公司,82.7,0.51g,48.0
人参健脾片,河北百善药业有限公司,21.75,0.51g,12.0
人参健脾片,河北百善药业有限公司,161.26,0.51g,96.0
人参健脾片,河北百善药业有限公司,122.23,0.51g,72.0
伤湿止痛膏,湖北康源药业有限公司,8.6,,10.0
伤湿止痛膏,湖北康源药业有限公司,17.2,,10.0
舒筋活血胶囊,湖南安邦制药有限公司,26.29,0.38g,45.0
舒筋活血胶囊,湖南安邦制药有限公司,33.9,0.38g,60.0
脱氧核苷酸钠片,上海丽珠制药有限公司,52.3,20mg,50.0
妥布霉素滴眼液,成都恒瑞制药有限公司,5.83,15mg,
妥布霉素地塞米松滴眼液,成都恒瑞制药有限公司,13.5,15mg,
西尼地平软胶囊,大连美创药业有限公司,28.6,5mg,14.0
西尼地平软胶囊,大连美创药业有限公司,42.26,5mg,21.0
西尼地平软胶囊,大连美创药业有限公司,55.77,5mg,28.0
细辛脑片,江苏吉贝尔药业股份有限公司,32.35,30mg,48.0
小金丸,北京同仁堂股份有限公司同仁堂制药厂,28.23,3g,2.0
盐酸曲美他嗪片,北京万生药业有限责任公司,30.1,20mg,30.0
盐酸曲美他嗪片,北京万生药业有限责任公司,58.7,20mg,60.0
盐酸曲美他嗪片,北京万生药业有限责任公司,86.75,20mg,90.0
胰激肽原酶肠溶片,河南灵佑药业股份有限公司,20.35,,24.0
右旋糖酐70甘油滴眼液,江西珍视明药业有限公司,49.26,15ml,
元胡止痛软胶囊,江苏德福康缘医药有限公司,42.19,0.5g,48.0
障眼明胶囊,广东省惠州市中药厂有限公司,29.53,0.4g,36.0
重组人粒细胞刺激因子注射液,北京四环生物制药有限公司,173.5,0.9ml,
猪源纤维蛋白粘合剂,广州倍绣生物技术有限公司,1740.32,5ml,
猪源纤维蛋白粘合剂,广州倍绣生物技术有限公司,1058,2.5ml,
注射用奥美拉唑钠,江苏康缘药业股份有限公司,8.9,40mg,1.0
注射用复方维生素（3）,山西普德药业股份有限公司,103.78,10mg,
注射用更昔洛韦,成都天台山制药有限公司,9.24,250mg,
注射用甲磺酸帕珠沙星,四川百利药业有限责任公司,55,500mg,
注射用赖氨匹林,海南皇隆制药股份有限公司,3.16,0.9g,
注射用泮托拉唑钠,成都天台山制药有限公司,39.04,42.3mg,
注射用泮托拉唑钠,海南卫康制药（潜山）有限公司,44.8,60mg,
注射用泮托拉唑钠,杭州中美华东制药有限公司,37.65,80mg,
注射用泮托拉唑钠,华润双鹤药业股份有限公司,26.5,40mg,
注射用泮托拉唑钠,山东绿叶制药有限公司,19.6,40mg,
注射用青霉素钠,苏州二叶制药有限公司,0.36,,1.0
注射用青霉素钠,苏州二叶制药有限公司,0.55,,1.0
注射用头孢呋辛钠,南昌立健药业有限公司,4.61,1.5g,1.0
注射用头孢呋辛钠,南昌立健药业有限公司,7.83,3g,1.0
注射用头孢呋辛钠,南昌立健药业有限公司,8.1,2.5g,1.0
注射用头孢呋辛钠,南昌立健药业有限公司,1.97,500mg,1.0
注射用头孢哌酮钠舒巴坦钠,丽珠集团丽珠制药厂,8,1.0g,
注射用头孢他啶,苏州中化药品工业有限公司,14.26,1.5g,
注射用头孢西丁钠,深圳信立泰药业股份有限公司,28,1.0g,
注射用脂溶性维生素（Ⅱ）,华北制药股份有限公司,32.5,,
甲磺酸双氢麦角毒碱片,天津华津制药有限公司,21.65,1mg,30.0
阿法骨化醇软胶囊,上海信谊延安药业有限公司,40.33,,20.0
阿立哌唑片,上海中西制药有限公司,26.24,10mg,7.0
阿仑膦酸钠片,北京万生药业有限责任公司,48.99,70mg,4.0
硫酸阿米卡星氯化钠注射液,浙江莎普爱思药业股份有限公司,5.84,400mg,
阿莫西林克拉维酸钾分散片(7:1),哈药集团制药总厂,17.29,228.5mg,12.0
阿莫西林克拉维酸钾分散片(7:1),哈药集团制药总厂,33.71,228.5mg,24.0
阿莫西林克拉维酸钾片(2:1),国药集团威奇达药业有限公司(原:山西仟源),5.62,375mg,6.0
阿莫西林克拉维酸钾片(2:1),国药集团威奇达药业有限公司(原:山西仟源),8.3,375mg,9.0
阿莫西林克拉维酸钾片(4:1),南京先声东元制药有限公司,12.88,312.5mg,10.0
阿莫西林克拉维酸钾片(4:1),南京先声东元制药有限公司,15.35,312.5mg,12.0
阿莫西林克拉维酸钾片(4:1),浙江亚太药业股份有限公司,10.57,156.25mg,12.0
阿莫西林克拉维酸钾片(4:1),浙江亚太药业股份有限公司,15.62,156.25mg,18.0
注射用阿莫西林钠克拉维酸钾,广州白云山天心制药股份有限公司,15.27,1.2g,1.0
注射用阿莫西林钠克拉维酸钾,哈药集团制药总厂,5.5,0.3g,1.0
注射用阿莫西林钠克拉维酸钾,海南海灵化学制药有限公司,14.45,1.2g,1.0
注射用阿莫西林钠克拉维酸钾,上海上药新亚药业有限公司,4.59,1.2g,1.0
阿奇霉素分散片,宜昌东阳光长江药业股份有限公司,2.1,250mg,6.0
阿奇霉素颗粒,山东罗欣药业集团股份有限公司,2.78,250mg,2.0
阿奇霉素颗粒,四川百利药业有限责任公司,7.75,125mg,12.0
阿奇霉素颗粒(Ⅱ),沈阳金龙药业有限公司,——,100mg,9.0
阿奇霉素片,深圳海王药业有限公司,5.44,125mg,12.0
硫酸阿托品眼膏,上海通用药业股份有限公司,2.97,2g,1.0
阿昔洛韦分散片,湖北四环制药有限公司,1.63,100mg,24.0
阿昔洛韦分散片,湖北四环制药有限公司,2.41,100mg,36.0
阿昔洛韦分散片,湖北四环制药有限公司,3.18,100mg,48.0
安脑片,哈尔滨蒲公英药业有限公司,——,500mg,8.0
安脑丸,哈尔滨蒲公英药业有限公司,——,3g,2.0
安脑丸,哈尔滨蒲公英药业有限公司,——,3g,4.0
安脑丸,哈尔滨蒲公英药业有限公司,51.64,3g,6.0
盐酸氨基葡萄糖胶囊,浙江诚意药业股份有限公司,81.05,240mg,90.0
氨甲环酸片,上海信谊万象药业股份有限公司,21.4,250mg,30.0
氨甲环酸注射液,海南通用康力制药有限公司,1.76,250mg,
氨甲环酸注射液,海南通用康力制药有限公司,4.09,500mg,
注射用氨甲环酸,浙江金华康恩贝生物制药有限公司,23.93,1g,1.0
苯磺酸氨氯地平分散片,南通久和药业有限公司,——,5mg,20.0
苯磺酸氨氯地平分散片,南通久和药业有限公司,——,5mg,30.0
苯磺酸氨氯地平胶囊,丽珠集团丽珠制药厂,10.92,5mg,7.0
苯磺酸氨氯地平胶囊,南通华山药业有限公司,30.48,5mg,20.0
苯磺酸氨氯地平片,北京万生药业有限责任公司,18.61,5mg,21.0
苯磺酸氨氯地平片,北京万生药业有限责任公司,24.55,5mg,28.0
苯磺酸氨氯地平片,康普药业股份有限公司,——,5mg,14.0
苯磺酸氨氯地平片,康普药业股份有限公司,5.02,5mg,21.0
苯磺酸氨氯地平片,康普药业股份有限公司,——,5mg,28.0
苯磺酸氨氯地平片,山东凤凰制药股份有限公司,27.1,10mg,14.0
马来酸氨氯地平分散片,江苏万高药业有限公司,27.19,5mg,20.0
马来酸氨氯地平分散片,江苏万高药业有限公司,32.41,5mg,24.0
盐酸氨溴索葡萄糖注射液,上海华源安徽锦辉制药有限公司,5.23,30mg,
盐酸氨溴索注射液,上海勃林格殷格翰药业有限公司,27.99,15mg,5.0
盐酸氨溴索注射液,云南龙海天然植物药业有限公司,26.75,30mg,5.0
盐酸氨溴索注射液,浙江康恩贝制药股份有限公司,3.61,15mg,
注射用盐酸胺碘酮,浙江尖峰药业有限公司,19.68,150mg,1.0
盐酸昂丹司琼片,福安药业集团宁波天衡制药有限公司,119.19,4mg,10.0
奥美拉唑肠溶胶囊,海南海力制药有限公司,31.63,40mg,24.0
奥美拉唑肠溶片,开开援生制药股份有限公司,14.11,10mg,36.0
奥美拉唑肠溶片,上海信谊天平药业有限公司,10.23,20mg,28.0
注射用奥美拉唑钠,上海上药第一生化药业有限公司,28.89,40mg,1.0
注射用奥美拉唑钠,石药集团欧意药业有限公司,19.74,40mg,1.0
奥扎格雷钠氯化钠注射液,山东华鲁制药有限公司,25.19,80mg,
奥扎格雷钠氯化钠注射液,山东华鲁制药有限公司,28.08,80mg,
奥扎格雷钠氯化钠注射液,山东华鲁制药有限公司,27.37,80mg,
奥扎格雷钠氯化钠注射液,山东华鲁制药有限公司,29.44,80mg,
奥扎格雷钠葡萄糖注射液,山东华鲁制药有限公司,25.76,80mg,
注射用奥扎格雷钠,丹东医创药业有限责任公司,7.77,20mg,1.0
注射用奥扎格雷钠,丹东医创药业有限责任公司,19.76,40mg,1.0
注射用奥扎格雷钠,丹东医创药业有限责任公司,41.99,80mg,1.0
八珍胶囊,吉林省大峻药业股份有限公司,13.82,400mg,24.0
八珍胶囊,吉林省大峻药业股份有限公司,26.94,400mg,48.0
八珍胶囊,吉林省华威药业有限公司,26.21,400mg,48.0
八珍胶囊,吉林省华威药业有限公司,19.87,400mg,36.0
八珍胶囊,吉林省华威药业有限公司,13.44,400mg,24.0
八珍胶囊,江西杏林白马药业有限公司,26.5,400mg,36.0
百癣夏塔热片,陕西东泰制药有限公司,27.52,300mg,60.0
百癣夏塔热片,陕西东泰制药有限公司,34.12,300mg,75.0
胞磷胆碱钠氯化钠注射液,华仁药业(日照)有限公司(原：山东洁晶),——,500mg,
胞磷胆碱钠注射液,苏州天马医药集团天吉生物制药有限公司,2.67,500mg,
注射用胞磷胆碱钠,晋城海斯制药有限公司,4.31,500mg,1.0
盐酸贝那普利片,北京诺华制药有限公司,41.71,10mg,14.0
盐酸贝那普利片,深圳信立泰药业股份有限公司,30.56,5mg,28.0
苯溴马隆片,宜昌东阳光长江药业股份有限公司,20.16,50mg,10.0
鼻渊舒口服液,成都华神集团股份有限公司制药厂,12.97,10ml,6.0
鼻渊舒口服液,成都华神集团股份有限公司制药厂,21.22,10ml,10.0
盐酸吡格列酮分散片,陕西紫光辰济药业有限公司,12.37,15mg,7.0
盐酸吡格列酮分散片,陕西紫光辰济药业有限公司,24.12,15mg,14.0
盐酸吡格列酮分散片,贵州天安药业股份有限公司,20.74,30mg,7.0
盐酸吡格列酮分散片,贵州天安药业股份有限公司,40.44,30mg,14.0
盐酸吡格列酮分散片,江苏万邦生化医药股份有限公司,46.4,15mg,30.0
盐酸吡格列酮胶囊,广东罗特制药有限公司,22.22,15mg,14.0
盐酸吡格列酮片,北京太洋药业有限公司,41.88,30mg,14.0
吡拉西坦氯化钠注射液,辰欣药业股份有限公司(原：鲁抗辰欣),7.25,8g,
吡拉西坦氯化钠注射液,上海华源安徽锦辉制药有限公司,3.33,8g,
注射用吡拉西坦,海南皇隆制药股份有限公司,3.62,4g,1.0
注射用吡拉西坦,海南皇隆制药股份有限公司,5.55,8g,1.0
萆薢分清丸,吉林紫鑫药业股份有限公司,25.44,6g,6.0
萆薢分清丸,吉林紫鑫药业股份有限公司,41.61,6g,10.0
冰黄肤乐软膏,西藏芝芝药业有限公司,17.58,20g,1.0
冰栀伤痛气雾剂,贵州安泰药业有限公司,26.39,60g,
丙泊酚注射液,北京费森尤斯卡比医药有限公司,33.14,200mg,
丙泊酚注射液,广东嘉博制药有限公司,19.8,200mg,
丙泊酚注射液,江苏恩华药业股份有限公司,21.74,200mg,
丙泊酚注射液,四川国瑞药业有限责任公司,28.08,200mg,
布洛芬混悬液,江苏恒瑞医药股份有限公司,8.34,2g,
布洛芬混悬液,武汉人福药业有限责任公司,——,1.2g,
布洛芬混悬液,武汉人福药业有限责任公司,——,2g,
布洛芬混悬液,扬州市三药制药有限公司,6.06,2g,
布洛芬混悬液,扬州市三药制药有限公司,4.22,1.2g,
布洛芬颗粒,石药集团欧意药业有限公司,——,200mg,10.0
布洛芬颗粒,石药集团欧意药业有限公司,——,200mg,24.0
参苓白术颗粒,云南腾药制药股份有限公司,——,6g,10.0
参苓白术颗粒,云南腾药制药股份有限公司,23.96,6g,15.0
参麦注射液,河北神威药业有限公司,4.55,5ml,1.0
参麦注射液,云南植物药业有限公司(原:个旧生物),5.08,10ml,1.0
参麦注射液,云南植物药业有限公司(原:个旧生物),——,20ml,1.0
参芪降糖片,广东万年青制药有限公司,18.75,350mg,36.0
参芪降糖片,广东万年青制药有限公司,23.25,350mg,45.0
参芪降糖片,广东万年青制药有限公司,36.57,350mg,72.0
茶碱缓释胶囊(Ⅱ),杭州民生药业有限公司,9.38,100mg,24.0
川芎茶调片,重庆科瑞东和制药有限责任公司,12,480mg,50.0
单硝酸异山梨酯缓释胶囊,珠海润都制药股份有限公司(原：润都民彤),14.61,50mg,10.0
单硝酸异山梨酯缓释胶囊,珠海润都制药股份有限公司(原：润都民彤),28.48,50mg,20.0
单硝酸异山梨酯缓释胶囊(Ⅱ),北京红林制药有限公司,10.29,40mg,10.0
单硝酸异山梨酯缓释胶囊(Ⅱ),北京红林制药有限公司,20.06,40mg,20.0
单硝酸异山梨酯缓释胶囊(Ⅲ),上海爱的发制药有限公司,17.09,20mg,20.0
单硝酸异山梨酯缓释胶囊(Ⅲ),上海爱的发制药有限公司,32.01,40mg,20.0
单硝酸异山梨酯缓释片,河北医科大学制药厂,19.79,50mg,14.0
单硝酸异山梨酯缓释片,鲁南贝特制药有限公司,47.2,40mg,24.0
单硝酸异山梨酯缓释片,山东齐都药业有限公司,24.97,60mg,14.0
单硝酸异山梨酯氯化钠注射液,回音必集团(江西)东亚制药有限公司,25.8,50mg,
单硝酸异山梨酯片,鲁南贝特制药有限公司,40.32,20mg,48.0
单硝酸异山梨酯片,山东方明药业集团股份有限公司,17.16,20mg,48.0
注射用单硝酸异山梨酯,武汉华龙生物制药有限公司,14.51,25mg,1.0
低分子量肝素钠注射液,杭州九源基因工程有限公司,15.86,0.5ml,
低分子量肝素钠注射液,齐鲁制药有限公司,16.05,0.4ml,
盐酸地尔硫卓控释胶囊,广东百澳药业有限公司,21.94,90mg,6.0
盐酸地尔硫䓬缓释胶囊,上海爱的发制药有限公司,——,90mg,20.0
盐酸地尔硫䓬缓释片,上海信谊万象药业股份有限公司,10.63,90mg,10.0
地衣芽孢杆菌活菌胶囊,浙江京新药业股份有限公司,22.31,250mg,24.0
丁酸氢化可的松乳膏,天津金耀药业有限公司,6.53,5g,1.0
独一味胶囊,"康县独一味生物制药有限公司(原：恒康医疗,甘肃独一味)",37.21,300mg,50.0
多巴丝肼胶囊,广州汉方现代中药研究开发有限公司,72.96,250mg,40.0
甲磺酸多沙唑嗪片,浙江迪耳药业有限公司,14.8,1mg,12.0
盐酸多西环素片,开封制药(集团)有限公司,1.42,100mg,12.0
多烯磷脂酰胆碱胶囊,赛诺菲(北京)制药有限公司,41.7,228mg,24.0
多烯磷脂酰胆碱注射液,赛诺菲(北京)制药有限公司,116.24,232.5mg,5.0
厄贝沙坦胶囊,浙江弘盛药业有限公司,33.66,75mg,30.0
厄贝沙坦片,海正辉瑞制药有限公司,6.87,150mg,6.0
厄贝沙坦片,江苏恒瑞医药股份有限公司,22.76,150mg,14.0
厄贝沙坦片,修正药业集团股份有限公司,28.58,150mg,14.0
厄贝沙坦片,修正药业集团股份有限公司,59.56,150mg,30.0
厄贝沙坦氢氯噻嗪分散片,天津怀仁制药有限公司,50.08,5mg,14.0
厄贝沙坦氢氯噻嗪分散片,天津怀仁制药有限公司,74.02,5mg,21.0
厄贝沙坦氢氯噻嗪片,南京正大天晴制药有限公司,18.46,150mg,7.0
厄贝沙坦氢氯噻嗪片,南京正大天晴制药有限公司,36,5mg,14.0
厄贝沙坦氢氯噻嗪片,赛诺菲(杭州)制药有限公司,32.22,150mg,7.0
二硫化硒洗剂,江苏迪赛诺制药有限公司,——,100g,1.0
法莫替丁氯化钠注射液,福建天泉药业股份有限公司,6.28,20mg,
泛影葡胺注射液,湖南汉森制药股份有限公司,51.01,60g,
酚麻美敏口服溶液,青岛正大海尔制药有限公司,11.17,100ml,1.0
甲磺酸酚妥拉明注射液,必康制药江苏有限公司(原:江苏康宝),1.16,10mg,
注射用甲磺酸酚妥拉明,上海复旦复华药业有限公司,1.74,10mg,1.0
风湿骨痛胶囊,安徽精方药业股份有限公司,18.32,300mg,32.0
风湿骨痛胶囊,国药集团精方（安徽）药业股份有限公司,44.29,300mg,80.0
肤痒颗粒,江西博士达药业有限责任公司,20.98,6g,18.0
伏格列波糖片,天津武田药品有限公司,51,0.2mg,30.0
扶正化瘀胶囊,上海黄海制药有限责任公司,75.25,500mg,60.0
氟伐他汀钠胶囊,海正辉瑞制药有限公司,23.02,40mg,7.0
氟伐他汀钠胶囊,海正辉瑞制药有限公司,63.3,40mg,20.0
氟康唑分散片,海南皇隆制药股份有限公司,7.88,50mg,3.0
氟康唑分散片,海南皇隆制药股份有限公司,6.37,150mg,1.0
氟康唑胶囊,江苏亚邦爱普森药业有限公司,11.3,150mg,12.0
氟康唑胶囊,康普药业股份有限公司,——,50mg,12.0
氟康唑胶囊,上海中西三维药业有限公司,3.01,50mg,3.0
氟康唑胶囊,宜昌东阳光长江药业股份有限公司,1.14,50mg,6.0
氟康唑胶囊,宜昌东阳光长江药业股份有限公司,1.86,50mg,10.0
氟康唑氯化钠注射液,安徽环球药业股份有限公司,5.8,200mg,
氟康唑氯化钠注射液,四川科伦药业股份有限公司,3.72,200mg,
氟康唑片,四川科伦药业股份有限公司(原:四川珍珠),1.7,50mg,6.0
氟马西尼注射液,福安药业集团宁波天衡制药有限公司,42,0.5mg,
氟马西尼注射液,广东世信药业有限公司,57.82,0.5mg,
氟马西尼注射液,广东世信药业有限公司,94.2,1.0mg,
氟马西尼注射液,海南灵康制药有限公司,82.6,1.0mg,
氟马西尼注射液,海南灵康制药有限公司,27.22,0.2mg,
氟马西尼注射液,海南通用康力制药有限公司,38.1,0.5mg,
氟马西尼注射液,海南通用康力制药有限公司,70.86,1.0mg,
氟马西尼注射液,湖南正清制药集团股份有限公司,77.3,1.0mg,
氟马西尼注射液,江苏恩华药业股份有限公司,49.26,0.5mg,
氟马西尼注射液,浙江奥托康制药集团股份有限公司,28.02,0.2mg,
氟马西尼注射液,浙江奥托康制药集团股份有限公司,51.52,0.5mg,
氟哌噻吨美利曲辛片,丹麦灵北制药有限公司,56.14,10mg,20.0
醋酸氟轻松乳膏,天津金耀药业有限公司,1.27,10g,1.0
醋酸氟轻松乳膏,天津太平洋制药有限公司,1.97,20g,1.0
盐酸氟西汀肠溶片,常州四药制药有限公司,52.6,90mg,4.0
盐酸氟西汀片,常州四药制药有限公司,25.45,10mg,14.0
福辛普利钠片,浙江华海药业股份有限公司,30,10mg,14.0
妇炎消胶囊,贵州益佰女子大药厂有限责任公司(原:贵州百祥),23.45,450mg,36.0
复方α-酮酸片,北京费森尤斯卡比医药有限公司,270.69,630mg,100.0
复方风湿宁胶囊,广东罗浮山国药股份有限公司,19.37,300mg,36.0
复方风湿宁胶囊,广东罗浮山国药股份有限公司,31.69,300mg,60.0
复方甲氧那明胶囊,长兴制药股份有限公司,25.95,,1.0
复方氯化钠注射液,湖南科伦制药有限公司,1.74,500ml,1.0
复方氯化钠注射液,湖南科伦制药有限公司,1.86,500ml,1.0
复方氯化钠注射液,山东华鲁制药有限公司,2.18,500ml,1.0
复方氯化钠注射液,山东齐都药业有限公司,1.67,500ml,1.0
复方氯化钠注射液,山东齐都药业有限公司,2.29,500ml,1.0
复方氯化钠注射液,四川科伦药业股份有限公司,1.73,500ml,1.0
复方氯化钠注射液,浙江济民制药股份有限公司,1.23,500ml,1.0
复方氯唑沙宗分散片,鲁南贝特制药有限公司,14.13,275mg,24.0
复方氯唑沙宗胶囊,江苏晨牌药业集团股份有限公司,13.74,275mg,36.0
复方氯唑沙宗胶囊,江苏晨牌药业集团股份有限公司,18.13,275mg,48.0
复方氯唑沙宗片,鲁南贝特制药有限公司,12.97,275mg,24.0
复方土槿皮酊,广东恒健制药有限公司,1.12,15ml,1.0
复方血栓通片,广东众生药业股份有限公司,18.17,350mg,24.0
复方血栓通片,广东众生药业股份有限公司,26.85,350mg,36.0
复方血栓通片,扬州中惠制药有限公司,25.64,400mg,36.0
复方血栓通片,扬州中惠制药有限公司,33.83,400mg,48.0
复方血栓通片,扬州中惠制药有限公司,41.94,400mg,60.0
复方氨茶碱片,上海延安药业有限公司,6.98,200mg,100.0
腹膜透析液(乳酸盐),天津金耀药业有限公司,26.65,2000ml,2000.0
腹膜透析液(乳酸盐G-4.25%),成都青山利康药业有限公司,——,2000ml,2000.0
甘草酸二铵胶囊,苏州二叶制药有限公司,10.83,50mg,24.0
甘草酸二铵注射液,浙江普洛康裕天然药物有限公司,7.4,150mg,
甘露醇注射液,浙江天瑞药业有限公司,2.75,250ml,250.0
甘油灌肠剂,上海运佳黄浦制药有限公司,7.61,110ml,
肝素钠注射液,天津生物化学制药有限公司,7.46,2ml,
格列美脲分散片,石药集团欧意药业有限公司(原:石药中诺),48.93,2mg,30.0
格列美脲分散片,石药集团欧意药业有限公司(原:石药中诺),12.24,1mg,12.0
格列美脲分散片,石药集团欧意药业有限公司(原:石药中诺),20.24,2mg,12.0
格列美脲片,赛诺菲(北京)制药有限公司,68.88,2mg,15.0
更年安胶囊,湖北纽兰药业有限公司,9.84,300mg,36.0
更年安胶囊,葵花药业集团（襄阳）隆中有限公司,16.9,300mg,80.0
更年安胶囊,湖南九典制药股份有限公司,17.95,300mg,36.0
更年安胶囊,湖南九典制药股份有限公司,35,300mg,72.0
更年安胶囊,吉林省东丰药业股份有限公司,4.77,300mg,20.0
更年安胶囊,山西黄河中药有限公司,21.45,300mg,60.0
宫炎平胶囊,广东罗浮山国药股份有限公司,23.85,350mg,36.0
宫炎平胶囊,江西桔王药业有限公司,25.41,200mg,60.0
狗皮膏,贵阳济仁堂药业有限公司,11.97,15g,6.0
骨化三醇软胶囊,青岛正大海尔制药有限公司,39.96,,10.0
归脾合剂,云南龙发制药有限公司,9.1,100ml,1.0
果糖二磷酸钠注射液,辰欣药业股份有限公司(原：鲁抗辰欣),29.52,5g,
过氧化氢溶液,河北健宁药业有限公司,2.58,500ml,500.0
注射用还原型谷胱甘肽,重庆药友制药有限责任公司,20.18,900mg,1.0
注射用还原型谷胱甘肽,重庆药友制药有限责任公司,——,1.5g,1.0
注射用还原型谷胱甘肽钠,昆明积大制药股份有限公司,38.83,1.8g,1.0
注射用还原型谷胱甘肽钠,昆明积大制药股份有限公司,49.52,2.4g,1.0
寒喘祖帕颗粒,新疆银朵兰维药股份有限公司,22.99,10g,6.0
寒喘祖帕颗粒,新疆银朵兰维药股份有限公司,30.65,10g,8.0
核酪口服溶液,上海旭东海普药业有限公司,10.88,10ml,6.0
注射用乳糖酸红霉素,大连美罗大药厂,1.22,300mg,1.0
虎力散胶囊,云南云河药业股份有限公司,36.25,300mg,12.0
琥珀酸亚铁片,四川奥邦药业有限公司,20.03,100mg,20.0
琥珀酸亚铁片,四川奥邦药业有限公司,23.88,100mg,24.0
环孢素口服溶液,杭州中美华东制药有限公司,1070.42,5g,
环孢素软胶囊,杭州中美华东制药有限公司,113.93,10mg,50.0
环孢素软胶囊,杭州中美华东制药有限公司,261.1,25mg,50.0
酚咖片,中美上海施贵宝制药有限公司,5.74,565mg,10.0
酚麻美敏胶囊,上海信谊百路达药业有限公司,7.24,,1.0
酚麻美敏片,上海强生制药有限公司,——,,1.0
酚麻美敏片,上海强生制药有限公司,15.51,,1.0
复方麻黄碱糖浆,武汉康乐药业股份有限公司,20.47,150ml,1.0
黄豆苷元片,桂林南药股份有限公司,29.07,50mg,36.0
黄豆苷元片,山西澳迩药业有限公司,18.09,25mg,36.0
磺胺嘧啶银乳膏,广东恒健制药有限公司,18.52,500g,
磺胺嘧啶银乳膏,昆明圣火药业(集团)有限公司,19.63,25g,25.0
磺胺嘧啶银乳膏,新乡市华信药业有限公司,16.53,40g,
茴三硫胶囊,成都国嘉联合制药有限公司,24.02,25mg,24.0
茴三硫胶囊,成都国嘉联合制药有限公司,31.69,25mg,32.0
活血通脉片,洛阳顺势药业有限公司,19.42,,
活血止痛胶囊,江西百神昌诺药业有限公司,——,500mg,40.0
活血止痛胶囊,江西百神昌诺药业有限公司,——,500mg,48.0
藿胆滴丸,上海雷允上药业有限公司,36.25,50mg,60.0
急支颗粒,太极集团重庆涪陵制药厂有限公司,——,4g,12.0
注射用甲氨蝶呤,广东岭南制药有限公司,15.3,100mg,
注射用甲氨蝶呤,江苏恒瑞医药股份有限公司,16.77,100mg,
甲钴胺胶囊,山东鲁抗医药集团赛特有限责任公司,19.16,0.5mg,40.0
甲钴胺胶囊,山东鲁抗医药集团赛特有限责任公司,28.32,0.5mg,60.0
甲钴胺注射液,海南斯达制药有限公司,4.68,0.5mg,
盐酸甲氯芬酯胶囊,广东先强药业有限公司,15.84,100mg,36.0
盐酸甲氯芬酯胶囊,广东先强药业有限公司,30.1,200mg,36.0
甲泼尼龙片,PfizerItaliaSrl辉瑞意大利,30.82,4mg,30.0
注射用甲泼尼龙琥珀酸钠,国药集团容生制药有限公司(原：天津药业焦作),11.11,20mg,1.0
注射用甲泼尼龙琥珀酸钠,国药集团容生制药有限公司(原：天津药业焦作),134.89,500mg,1.0
甲硝唑氯化钠注射液,湖南科伦制药有限公司,0.85,500mg,
甲硝唑氯化钠注射液,浙江天瑞药业有限公司,2.81,500mg,
甲紫溶液,上海运佳黄浦制药有限公司,——,40ml,40.0
健胃愈疡片,九芝堂股份有限公司,20.79,300mg,60.0
健胃愈疡片,南京圣和药业股份有限公司,——,,1.0
健胃愈疡片,南京圣和药业股份有限公司,21.44,,1.0
接骨七厘散,牡丹江灵泰药业股份有限公司,35.88,1.5g,12.0
接骨七厘丸,洛阳顺势药业有限公司,——,1.5g,10.0
接骨七厘丸,洛阳顺势药业有限公司,21.95,1.5g,6.0
金刚藤胶囊,湖北福人药业股份有限公司,24.34,500mg,60.0
金刚藤糖浆,国药集团中联药业有限公司,9.26,150ml,1.0
金果饮,杭州华东医药集团康润制药有限公司,8,165ml,1.0
金果饮,河南太龙药业股份有限公司,7.16,10ml,10.0
经带宁胶囊,贵州百灵企业集团世禧制药有限公司,25.9,300mg,24.0
经带宁胶囊,贵州百灵企业集团世禧制药有限公司,38.28,300mg,36.0
盐酸精氨酸注射液,天津金耀氨基酸有限公司,——,5g,
聚甲酚磺醛溶液,Takeda GmbH(原：武田中国，德国奈科明),62.45,25ml,1.0
聚甲酚磺醛溶液,浙江普洛康裕制药有限公司,27.26,15ml,1.0
聚乙二醇4000散,湖南华纳大药厂股份有限公司,23.14,10g,10.0
聚乙二醇4000散,重庆赛诺生物药业股份有限公司,22.87,10g,10.0
卡络磺钠氯化钠注射液,重庆迪康长江制药有限公司,33.84,80mg,
坎地沙坦酯片,迪沙药业集团有限公司,40.43,8mg,18.0
康复新液,湖南科伦制药有限公司(原:中南科伦),35.99,10ml,10.0
康复新液,湖南科伦制药有限公司(原:中南科伦),36.97,120ml,1.0
康复新液,内蒙古京新药业有限公司,26.97,100ml,1.0
康复新液,四川好医生攀西药业有限责任公司,31.56,100ml,1.0
糠酸莫米松乳膏,上海通用药业股份有限公司,10.78,5g,1.0
糠酸莫米松乳膏,上海先灵葆雅制药有限公司,13.17,5g,1.0
抗病毒片,天津金世制药有限公司,13.61,320mg,54.0
克拉霉素胶囊,开封制药(集团)有限公司,3,250mg,6.0
克拉霉素颗粒,湖北东信药业有限公司,7.92,125mg,10.0
克拉霉素颗粒,湖北东信药业有限公司,4.75,125mg,6.0
克拉霉素颗粒,新华制药(高密)有限公司,12.24,125mg,12.0
克拉霉素颗粒,新华制药(高密)有限公司,6.12,125mg,6.0
克拉霉素颗粒,新华制药(高密)有限公司,10.98,250mg,6.0
克拉霉素片,上海雅培制药有限公司,60.26,250mg,8.0
克林霉素磷酸酯注射液,浙江天瑞药业有限公司,0.73,300mg,
注射用克林霉素磷酸酯,国药集团国瑞药业有限公司,2.35,150mg,1.0
克霉唑阴道泡腾片,湖北东信药业有限公司,14.13,150mg,10.0
克霉唑阴道泡腾片,湖北东信药业有限公司,10.02,150mg,7.0
克霉唑阴道片,华润双鹤利民药业（济南）有限公司,14.01,500mg,2.0
克霉唑阴道片,华润双鹤利民药业（济南）有限公司,21.01,500mg,3.0
口服补液盐散Ⅱ,上海衡山药业有限公司,0.62,13.95g,1.0
口炎清颗粒,广州白云山和记黄埔中药有限公司,17.61,10g,12.0
口炎清颗粒,广州白云山和记黄埔中药有限公司,26.22,3g,16.0
口炎清颗粒,延安常泰药业有限责任公司,13.46,10g,10.0
口炎清颗粒,延安常泰药业有限责任公司,16.15,10g,12.0
口炎清颗粒,延安常泰药业有限责任公司,26.92,10g,20.0
富马酸喹硫平片,苏州第壹制药有限公司,47.25,100mg,30.0
兰索拉唑肠溶胶囊,四川子仁制药有限公司,53.21,30mg,14.0
兰索拉唑肠溶胶囊,四川子仁制药有限公司,78.64,30mg,21.0
兰索拉唑片,辰欣药业股份有限公司,44.97,30mg,16.0
雷贝拉唑钠肠溶胶囊,丽珠集团丽珠制药厂,——,10mg,7.0
雷贝拉唑钠肠溶片,江苏豪森药业股份有限公司,49.9,10mg,14.0
利巴韦林滴眼液,杭州国光药业有限公司,0.54,8mg,
利巴韦林含片,金花企业(集团)股份有限公司西安金花制药厂,——,20mg,24.0
利巴韦林氯化钠注射液,四川科伦药业股份有限公司,1.16,200mg,
利巴韦林注射液,浙江诚意药业股份有限公司,1,500mg,
碳酸利多卡因注射液,珠海润都制药股份有限公司(原：润都民彤),17.87,86mg,5.0
滴眼用利福平,武汉五景药业有限公司,0.59,5mg,
利培酮胶囊,宁波大红鹰药业股份有限公司,41.02,1mg,30.0
利培酮口服液,常州四药制药有限公司,55.57,30ml,1.0
利培酮片,北京天衡药物研究院南阳天衡制药厂,15.53,1mg,20.0
利培酮片,北京天衡药物研究院南阳天衡制药厂,22.95,1mg,30.0
利培酮片,常州四药制药有限公司,45.49,2mg,20.0
利培酮片,江苏恩华药业股份有限公司,34.48,1mg,40.0
利培酮片,齐鲁制药有限公司,12.19,1mg,20.0
利培酮片,齐鲁制药有限公司,18.02,1mg,30.0
利培酮片,浙江华海药业股份有限公司,25.1,1mg,60.0
联苯苄唑乳膏,湖北东信药业有限公司,2.97,15g,1.0
盐酸林可霉素滴眼液,上海信谊金朱药业有限公司,4.76,200mg,
注射用磷霉素钠,山西仟源医药集团股份有限公司,4.58,4g,1.0
硫唑嘌呤片,北京嘉林药业股份有限公司,——,100mg,36.0
柳氮磺吡啶栓,西安澜泰药业有限公司,16.45,500mg,6.0
六味安消散,金诃藏药股份有限公司,19.52,1.5g,12.0
六味安消散,金诃藏药股份有限公司,28.85,1.5g,18.0
六味地黄胶囊,北京亚东生物制药有限公司(安国亚东药业有限公司受委托生产),15.8,300mg,24.0
六味地黄胶囊,吉林市鹿王制药股份有限公司,——,300mg,48.0
癃清胶囊,贵州远程制药有限责任公司,34.07,500mg,36.0
洛芬待因片,国药集团工业有限公司,15.68,212.5mg,10.0
洛芬待因片,国药集团工业有限公司,30.58,212.5mg,20.0
盐酸洛美沙星胶囊,常州兰陵制药有限公司,2.55,100mg,12.0
盐酸洛美沙星片,广州欧化药业有限公司,5.81,100mg,12.0
盐酸洛美沙星注射液,安徽丰原药业股份有限公司,10.52,200mg,
注射用门冬氨酸洛美沙星,上海复旦复华药业有限公司,9.53,100mg,1.0
注射用门冬氨酸洛美沙星,上海复旦复华药业有限公司,17.09,200mg,1.0
注射用盐酸洛美沙星,山西普德药业股份有限公司,6.62,100mg,1.0
注射用盐酸洛美沙星,山西普德药业股份有限公司,14.97,400mg,1.0
盐酸洛哌丁胺胶囊,西安杨森制药有限公司,4.42,2mg,6.0
洛索洛芬钠分散片,山东罗欣药业集团股份有限公司,15.37,60mg,12.0
洛索洛芬钠分散片,山东罗欣药业集团股份有限公司,29.98,60mg,24.0
铝碳酸镁片,拜耳医药保健有限公司(受托方：拜耳医药保健有限公司启东分公司),19.76,500mg,20.0
铝碳酸镁片,四川健能制药有限公司,——,500mg,20.0
铝碳酸镁片,四川健能制药有限公司,12.67,500mg,30.0
氯化钾注射液,北京益民药业有限公司,0.58,1.5g,
氯化钾注射液,石药银湖制药有限公司,0.83,1g,5.0
氯化钾注射液,世贸天阶制药(江苏)有限责任公司(原:江苏方强),0.33,1g,
氯化钾注射液,天津金耀药业有限公司,0.31,1g,
氯化钾注射液,扬州中宝制药有限公司,0.2,1g,
氯化钾注射液,浙江天瑞药业有限公司,0.39,1.5g,
注射用氯化钾,海南灵康制药有限公司,2.41,1g,10.0
盐酸氯米帕明片,江苏恩华药业股份有限公司,18.06,25mg,48.0
盐酸氯米帕明片,江苏恩华药业股份有限公司,18.78,25mg,50.0
盐酸氯米帕明片,上海上药信谊药厂有限公司,14.52,25mg,48.0
氯沙坦钾片,浙江华海药业股份有限公司,21.64,50mg,7.0
氯沙坦钾片,浙江华海药业股份有限公司,42.2,50mg,14.0
盐酸麻黄碱滴鼻液,天津金虹胜利药业有限公司,1.1,80mg,
马应龙麝香痔疮膏,马应龙药业集团股份有限公司,——,2.5g,
脉管复康胶囊,陕西东泰制药有限公司,——,450mg,36.0
脉管复康胶囊,陕西东泰制药有限公司,47.43,450mg,48.0
脉血康胶囊,贵州信邦制药股份有限公司,21.71,250mg,24.0
脉血康胶囊,贵州信邦制药股份有限公司,42.33,250mg,48.0
脉血康胶囊,重庆多普泰制药股份有限公司,21.37,250mg,24.0
脉血康胶囊,重庆多普泰制药股份有限公司,31.59,250mg,36.0
硝酸毛果芸香碱滴眼液,武汉五景药业有限公司,12.27,100mg,
硝酸毛果芸香碱注射液,天津金耀药业有限公司,——,2mg,
美洛昔康分散片,海南全星制药有限公司,8.37,7.5mg,6.0
美洛昔康分散片,海南全星制药有限公司,13.69,7.5mg,10.0
美司钠注射液,齐鲁制药(海南)有限公司,7.35,200mg,
酒石酸美托洛尔注射液,徐州莱恩药业有限公司,10.43,5mg,
门冬氨酸钾镁口服溶液,湖南九典制药股份有限公司(原：湖南大拇指),14.43,10ml,10.0
门冬氨酸钾镁口服溶液,上海旭东海普药业有限公司,13.73,10ml,10.0
门冬氨酸钾镁注射液,辰欣药业股份有限公司(原：鲁抗辰欣),0.41,10ml,1.0
门冬氨酸钾镁注射液,杭州民生药业有限公司,0.4,10ml,1.0
门冬氨酸钾镁注射液,齐鲁制药有限公司,——,10ml,5.0
门冬氨酸钾镁注射液,瑞阳制药有限公司,10.92,20ml,1.0
门冬氨酸钾镁注射液,亚宝药业集团股份有限公司,——,10ml,1.0
门冬氨酸钾镁注射液,浙江天瑞药业有限公司,1.71,10ml,5.0
注射用门冬氨酸钾镁,海南卫康制药(潜山)有限公司,3.12,1.006g,1.0
注射用门冬氨酸钾镁,山西普德药业股份有限公司,14.64,2g,1.0
注射用门冬酰胺酶,北京双鹭药业股份有限公司,79.08,,
米非司酮片,广州朗圣药业有限公司,——,25mg,6.0
米索前列醇片,上海新华联制药有限公司,5.57,0.2mg,3.0
灭菌注射用水,安徽双鹤药业有限责任公司,1.55,500ml,1.0
灭菌注射用水,国药集团容生制药有限公司(原：天津药业焦作),0.13,5ml,1.0
灭菌注射用水,焦作市康华药业有限公司,1.3,2ml,10.0
灭菌注射用水,林州市亚神制药有限公司,0.11,2ml,1.0
灭菌注射用水,上海福达制药有限公司,7.5,5ml,50.0
灭菌注射用水,上海信谊金朱药业有限公司,7,5ml,50.0
灭菌注射用水,四川科伦药业股份有限公司,2.13,500ml,1.0
枸橼酸莫沙必利分散片,成都康弘药业集团股份有限公司,22.25,5mg,20.0
枸橼酸莫沙必利胶囊,上海上药信谊药厂有限公司,23.05,5mg,24.0
枸橼酸莫沙必利片,江苏豪森药业股份有限公司,6.63,5mg,12.0
枸橼酸莫沙必利片,江苏豪森药业股份有限公司,12.92,5mg,24.0
枸橼酸莫沙必利片,住友制药(苏州)有限公司,20.95,5mg,10.0
盐酸纳洛酮注射液,吉林敖东药业集团延吉股份有限公司,18.02,2mg,
脑安胶囊,辽源誉隆亚东药业有限责任公司,32.91,400mg,30.0
脑安胶囊,上海祥鹤药业有限公司,——,400mg,16.0
脑安片,哈药集团三精制药四厂有限公司,27.5,0.53g,24.0
脑心通胶囊,陕西步长制药有限公司,25.22,400mg,36.0
内消瘰疬丸,兰州佛慈制药股份有限公司,35.03,,1.0
宁泌泰胶囊,贵阳新天药业股份有限公司,30.76,380mg,36.0
凝血酶,湖南一格制药有限公司,3.19,,1.0
凝血酶,湖南一格制药有限公司,12.19,,1.0
诺迪康胶囊,西藏诺迪康药业股份有限公司,19.3,0.28g,20.0
盐酸帕罗西汀片,浙江华海药业股份有限公司,75.84,20mg,20.0
盐酸帕罗西汀片,浙江尖峰药业有限公司,52.59,20mg,12.0
排石颗粒,上海静安制药有限公司,——,20g,10.0
排石颗粒,上海静安制药有限公司,13.26,5g,9.0
注射用哌拉西林钠,齐鲁制药有限公司,0.86,1g,1.0
泮托拉唑钠肠溶胶囊,山东仁和堂药业有限公司,34.24,40mg,14.0
泮托拉唑钠肠溶微丸胶囊,湖北唯森制药有限公司,26.42,20mg,12.0
喷昔洛韦乳膏,丽珠集团丽珠制药厂,12.79,10g,1.0
平消片,辽宁盛生药业有限公司(原:辽宁先臻),17.22,23g,72.0
平消片,辽宁盛生药业有限公司(原:辽宁先臻),23.63,23g,100.0
平消片,辽宁盛生药业有限公司(原:辽宁先臻),41.63,23g,180.0
破伤风抗毒素,江西生物制品研究所,2.45,,
破伤风抗毒素,武汉生物制品研究所有限责任公司,1.95,,
普伐他汀钠胶囊,丽珠集团丽珠制药厂,14.21,10mg,7.0
普伐他汀钠胶囊,丽珠集团丽珠制药厂,27.71,10mg,14.0
盐酸普鲁卡因注射液,回音必集团(江西)东亚制药有限公司,7.52,2g,
盐酸普罗帕酮注射液,广州白云山明兴制药有限公司,4.56,35mg,5.0
盐酸普罗帕酮注射液,上海信谊金朱药业有限公司,25.1,70mg,5.0
七厘胶囊,华颐药业有限公司,19.07,500mg,12.0
七厘胶囊,华颐药业有限公司,37.19,500mg,24.0
注射用七叶皂苷钠,山东绿叶制药有限公司,26.13,15mg,1.0
注射用七叶皂苷钠,武汉爱民制药有限公司,10.86,5mg,1.0
注射用七叶皂苷钠,武汉爱民制药有限公司,18.6,10mg,1.0
茜芷胶囊,甘肃扶正药业科技股份有限公司(原:甘肃兰药),41.47,400mg,45.0
强力枇杷露,杭州胡庆余堂药业有限公司,8.33,100ml,1.0
羟基脲片,齐鲁制药有限公司,52.11,500mg,100.0
清开灵胶囊,广州白云山明兴制药有限公司,20.35,400mg,24.0
清开灵颗粒,广州白云山明兴制药有限公司,22.09,10g,20.0
清开灵片,哈尔滨一洲制药有限公司,17.8,500mg,30.0
清开灵注射液,广州白云山明兴制药有限公司,10.08,10ml,5.0
清开灵注射液,河北神威药业有限公司,0.44,2ml,10.0
清开灵注射液,河北神威药业有限公司,1.03,5ml,5.0
清开灵注射液,河北神威药业有限公司,1.64,10ml,5.0
清开灵注射液,吉林省集安益盛药业股份有限公司,7.76,10ml,5.0
清热解毒颗粒,河北万岁药业有限公司,6,18g,6.0
清热解毒颗粒,河南辅仁堂制药有限公司,——,9g,10.0
巯嘌呤片,陕西兴邦药业有限公司,50.16,50mg,100.0
醋酸曲安奈德注射液,浙江仙琚制药股份有限公司,4.9,40mg,
马来酸曲美布汀分散片,浙江昂利康制药股份有限公司,17.3,100mg,20.0
马来酸曲美布汀胶囊,山西振东安特生物制药有限公司,16.88,100mg,24.0
马来酸曲美布汀胶囊,山西振东安特生物制药有限公司,24.95,100mg,36.0
马来酸曲美布汀胶囊,山西振东安特生物制药有限公司,32.92,100mg,48.0
马来酸曲美布汀片,海南普利制药股份有限公司,20.78,100mg,40.0
马来酸曲美布汀片,天津田边制药有限公司,17.78,100mg,20.0
羟丙甲纤维素滴眼液,沈阳兴齐眼药股份有限公司,2.52,5mg,10.0
荣心丸,上海玉丹药业有限公司,36.35,,2.0
乳癖消颗粒,哈尔滨泰华药业股份有限公司,17.89,8g,6.0
乳癖消颗粒,哈尔滨泰华药业股份有限公司,35.78,8g,12.0
乳癖消颗粒,哈尔滨泰华药业股份有限公司,44.72,8g,15.0
乳酸钠林格注射液,山东齐都药业有限公司,1.74,500ml,1.0
乳酸钠林格注射液,山东齐都药业有限公司,2.57,500ml,1.0
瑞格列奈片,江苏豪森药业股份有限公司,18.21,0.5mg,30.0
瑞格列奈片,江苏豪森药业股份有限公司,35.51,0.5mg,60.0
瑞格列奈片,江苏豪森药业股份有限公司,28.19,1mg,30.0
润燥止痒胶囊,国药集团同济堂（贵州）制药有限公司,18.5,0.5g,24.0
润燥止痒胶囊,国药集团同济堂（贵州）制药有限公司,36.08,0.5g,48.0
注射用血塞通,昆药集团股份有限公司,39.71,400mg,1.0
色甘酸钠滴眼液,湖北远大天天明制药有限公司,——,320mg,
盐酸舍曲林片,浙江京新药业股份有限公司,52.89,50mg,28.0
肾炎四味片,湖北亿雄祥瑞药业有限公司,17.7,,1.0
生脉胶囊,正大青春宝药业有限公司,23.86,300mg,45.0
湿润烧伤膏,汕头市美宝制药有限公司,——,40g,
十味龙胆花颗粒,西藏藏药集团股份有限公司,15.13,3g,6.0
十味龙胆花颗粒,西藏藏药集团股份有限公司,22.7,3g,9.0
双黄连合剂,河南太龙药业股份有限公司,10.92,200ml,1.0
双黄连胶囊,河南天方药业中药有限公司,8.1,400mg,30.0
双黄连口服液,河南太龙药业股份有限公司,13.99,10ml,10.0
双黄连口服液,河南太龙药业股份有限公司,16.68,10ml,12.0
双黄连片,陕西白鹿制药股份有限公司,7.78,530mg,24.0
双氯芬酸二乙胺乳胶剂,北京诺华制药有限公司（山德士（中国）制药有限公司受委托生产）,18.42,20g,1.0
双氯芬酸钠滴眼液,江苏汉晨药业有限公司,11.02,10mg,
双氯芬酸钠滴眼液,沈阳兴齐眼药股份有限公司,17.53,1mg,5.0
双氯芬酸钠滴眼液,珠海联邦制药股份有限公司中山分公司,10.52,5mg,
注射用水溶性维生素,华瑞制药有限公司,9.31,,1.0
水杨酸软膏,上海运佳黄浦制药有限公司,1.19,10g,1.0
水杨酸软膏,上海运佳黄浦制药有限公司,1.57,20g,1.0
顺铂注射液,江苏豪森药业股份有限公司,22.23,30mg,
注射用顺铂(冻干型),齐鲁制药有限公司,11.99,10mg,
注射用丝裂霉素,海正辉瑞制药有限公司,7.84,2mg,
四神片,沈阳双鼎制药有限公司,16.94,300mg,36.0
缩泉胶囊,湖南汉森制药股份有限公司,33.1,300mg,60.0
盐酸坦洛新缓释胶囊,杭州康恩贝制药有限公司,18.31,0.2mg,7.0
盐酸坦洛新缓释胶囊,杭州康恩贝制药有限公司,35.7,0.2mg,14.0
盐酸坦洛新缓释片,昆明积大制药股份有限公司,25.69,0.2mg,6.0
盐酸坦洛新缓释片,昆明积大制药股份有限公司,58.12,0.2mg,14.0
碳酸氢钠注射液,辰欣药业股份有限公司(原：鲁抗辰欣),3.57,250ml,250.0
碳酸氢钠注射液,林州市亚神制药有限公司,0.25,500mg,
碳酸氢钠注射液,徐州市第五制药厂有限公司,2.3,250ml,250.0
碳酸氢钠注射液,扬州中宝制药有限公司,0.34,500mg,
盐酸特比萘芬乳膏,四川明欣药业有限责任公司,4.18,5g,1.0
硫酸特布他林注射液,成都华宇制药有限公司,76.68,0.25mg,6.0
盐酸特拉唑嗪片,苏州东瑞制药有限公司,6.49,2mg,28.0
替加氟片,齐鲁制药(海南)有限公司,12.31,50mg,100.0
替硝唑氯化钠注射液,山东齐都药业有限公司,2.99,800mg,
替硝唑氯化钠注射液,浙江天瑞药业有限公司,3.4,400mg,
替硝唑栓,湖北东信药业有限公司,7.44,250mg,5.0
痛风定胶囊,四川升和药业股份有限公司(原:成都中汇),——,400mg,24.0
头孢丙烯胶囊,先声药业有限公司,13.46,125mg,6.0
头孢丙烯胶囊,先声药业有限公司,26.25,125mg,12.0
头孢丙烯片,珠海联邦制药股份有限公司中山分公司,22.81,250mg,6.0
头孢克洛分散片,黑龙江肇东华富药业有限责任公司,12.21,250mg,8.0
头孢克洛分散片,黑龙江肇东华富药业有限责任公司,18.04,250mg,12.0
头孢克洛缓释胶囊,扬子江药业集团有限公司,22.16,125mg,12.0
头孢克洛胶囊,广州南新制药有限公司,33.59,250mg,10.0
头孢克洛胶囊,华北制药河北华民药业有限责任公司,7.39,250mg,12.0
头孢克洛颗粒,山东鲁抗医药股份有限公司,8.91,100mg,9.0
头孢克洛片,海口市制药厂有限公司,3.47,250mg,6.0
头孢拉定胶囊,扬子江药业集团有限公司,14.45,250mg,24.0
注射用头孢拉定,苏州二叶制药有限公司,——,1g,1.0
头孢羟氨苄胶囊,海口市制药厂有限公司,4.4,250mg,24.0
头孢羟氨苄颗粒,华北制药河北华民药业有限责任公司,8.51,250mg,12.0
注射用头孢他啶,哈药集团制药总厂,7.75,1.0g,1.0
注射用头孢他啶,山东罗欣药业集团股份有限公司,3.28,0.5g,1.0
注射用头孢他啶,苏州东瑞制药有限公司,4.01,0.5g,1.0
注射用头孢他啶,苏州二叶制药有限公司,3.63,0.5g,1.0
注射用头孢他啶,珠海联邦制药股份有限公司中山分公司,8.5,1.0g,1.0
注射用盐酸头孢替安,浙江永宁药业股份有限公司,13.33,250mg,1.0
注射用头孢唑林钠,哈药集团制药总厂,3.7,2g,1.0
玻璃酸钠注射液,上海昊海生物科技股份有限公司,123.4,20mg,
托吡卡胺滴眼液,山东博士伦福瑞达制药有限公司,8.34,30mg,
托吡卡胺滴眼液,武汉五景药业有限公司,3,30mg,
妥布霉素滴眼液,南京天朗制药有限公司,8.24,30mg,
妥布霉素滴眼液,沈阳圣元药业有限公司,6.3,15mg,
妥布霉素滴眼液,重庆科瑞制药(集团)有限公司,3.78,24mg,
维A酸乳膏,重庆华邦制药有限公司,16.3,7.5mg,
注射用维库溴铵,安徽威尔曼制药有限公司,5.11,4mg,
注射用维库溴铵,成都天台山制药有限公司,8.47,4mg,
注射用维库溴铵,海南灵康制药有限公司,9.5,4mg,
注射用维库溴铵,山西普德药业股份有限公司,14.34,4mg,
维生素D2注射液,江西赣南海欣药业股份有限公司,18.47,5mg,1.0
五苓胶囊,江西品信药业有限公司(原：浙江泰康新余),18.8,450mg,24.0
五苓胶囊,江西品信药业有限公司(原：浙江泰康新余),27.79,450mg,36.0
盐酸西替利嗪片,比利时联合化工集团医药部(瑞士),17.13,10mg,5.0
盐酸西替利嗪片,比利时联合化工集团医药部(瑞士),33.4,10mg,10.0
锡类散,精华制药集团股份有限公司,5.04,1.5g,1.0
腺苷钴胺片,福建古田药业有限公司,——,0.25mg,36.0
腺苷钴胺片,华北制药股份有限公司,14.76,0.25mg,30.0
香连片,湖北香连药业有限责任公司,20.07,0.3g,30.0
香砂平胃颗粒,云南腾药制药股份有限公司,17.96,10g,10.0
香砂平胃颗粒,云南腾药制药股份有限公司,26.94,10g,15.0
消痛贴膏,西藏奇正藏药股份有限公司,34.96,1g,3.0
消痛贴膏,西藏奇正藏药股份有限公司,13.73,1.2g,1.0
注射用硝普钠,晋城海斯制药有限公司,7.84,50mg,1.0
硝酸异山梨酯注射液,齐鲁制药有限公司,5.05,5mg,
注射用硝酸异山梨酯,北京四环科宝制药有限公司,19.46,25mg,1.0
注射用硝酸异山梨酯,山西普德药业股份有限公司,9.52,10mg,1.0
小柴胡颗粒,江苏康缘药业股份有限公司,7.04,2.5g,10.0
小柴胡颗粒,上海童涵春堂制药有限公司,12.18,2.5g,20.0
小金胶囊,四川省天基生物药业有限公司,——,300mg,16.0
小金片,太极集团重庆桐君阁药厂有限公司,——,360mg,12.0
小金片,太极集团重庆桐君阁药厂有限公司,40.71,360mg,6.0
小金丸,北京亚东生物制药有限公司,15.35,3.6g,2.0
小金丸,西安正大制药有限公司,5.72,1.2g,2.0
缬沙坦分散片,桂林华信制药有限公司,42.38,80mg,21.0
缬沙坦分散片,桂林华信制药有限公司,55.91,80mg,28.0
缬沙坦分散片,海南皇隆制药股份有限公司,——,80mg,28.0
缬沙坦胶囊,海南澳美华制药有限公司,23.79,160mg,7.0
缬沙坦胶囊,华润赛科药业有限责任公司,——,80mg,24.0
缬沙坦片,常州四药制药有限公司,19.94,40mg,14.0
辛伐他汀胶囊,山东鲁抗医药股份有限公司,17.45,10mg,20.0
辛伐他汀胶囊,山东鲁抗医药股份有限公司,20.2,10mg,24.0
辛伐他汀片,康普药业股份有限公司,8.64,10mg,14.0
辛伐他汀片,浙江京新药业股份有限公司,39.66,40mg,14.0
甲硫酸新斯的明注射液,河南润弘制药股份有限公司,17.94,0.5mg,10.0
芎菊上清片,承德燕峰药业有限责任公司,14.45,250mg,40.0
芎菊上清片,承德燕峰药业有限责任公司,28.18,250mg,80.0
注射用胸腺肽,武汉华龙生物制药有限公司,2.74,5mg,1.0
熊去氧胆酸片,辅仁药业集团有限公司,11.9,50mg,60.0
玄麦甘桔胶囊,成都康弘制药有限公司,22.18,350mg,48.0
血栓心脉宁胶囊,吉林省辉南长龙生化药业股份有限公司,17.7,500mg,40.0
亚叶酸钙注射液,江苏恒瑞医药股份有限公司,39.96,100mg,
注射用亚叶酸钙,山东罗欣药业集团股份有限公司,15.95,100mg,
注射用亚叶酸钙,深圳海王药业有限公司,——,100mg,
养胃颗粒,正大青春宝药业有限公司,——,5g,6.0
养胃颗粒,正大青春宝药业有限公司,17.21,5g,12.0
养血清脑丸,天士力制药集团股份有限公司,36.05,2.5g,15.0
养阴清肺膏,南宁市维威制药有限公司,11.05,100ml,
养阴清肺膏,天津市博爱生物药业有限公司,9.15,10ml,8.0
氧氟沙星滴耳液,南京天朗制药有限公司,2.12,30mg,
氧氟沙星滴耳液,武汉五景药业有限公司,2.2,15mg,
氧氟沙星滴眼液,湖北远大天天明制药有限公司,——,2.4mg,10.0
马来酸依那普利叶酸片,深圳奥萨制药有限公司,29.57,5mg,10.0
马来酸依那普利叶酸片,深圳奥萨制药有限公司,20.97,5mg,7.0
依托泊苷注射液,江苏恒瑞医药股份有限公司,11.24,100mg,
依托泊苷注射液,四川升和药业股份有限公司,10.26,100mg,
胰酶肠溶片,重庆格瑞林药业有限公司,18.51,300mg,24.0
异氟烷,Piramal Enterprises Limited,372.5,100ml,
异氟烷,河北一品制药股份有限公司,404.03,100ml,
异氟烷,鲁南贝特制药有限公司,439.7,100ml,
异维A酸软胶囊,上海东海制药股份有限公司东海制药厂,21.18,10mg,15.0
异维A酸软胶囊,上海东海制药股份有限公司东海制药厂,33.31,10mg,24.0
益心舒颗粒,海南海力制药有限公司,27.61,4g,12.0
益心舒颗粒,海南海力制药有限公司,34.51,4g,15.0
益心舒颗粒,山东中泰药业有限公司,37.66,4g,12.0
银黄胶囊,邛崃天银制药有限公司,7.22,300mg,48.0
银黄胶囊,邛崃天银制药有限公司,3.7,300mg,24.0
右归胶囊,江西银涛药业有限公司,26.89,450mg,24.0
右归胶囊,江西银涛药业有限公司,39.74,450mg,36.0
右归丸,仲景宛西制药股份有限公司,27.47,9g,15.0
右旋糖酐铁注射液,浙江天瑞药业有限公司,3.15,50mg,
鱼腥草滴眼液,四川升和药业股份有限公司,——,8ml,2.0
元胡止痛滴丸,甘肃陇神戎发药业股份有限公司,22.27,,1.0
贞芪扶正胶囊,甘肃扶正药业科技股份有限公司,21.97,,1.0
贞芪扶正胶囊,甘肃扶正药业科技股份有限公司,35.94,,1.0
贞芪扶正胶囊,甘肃兰药药业有限公司,37.23,,1.0
珍珠明目滴眼液,苏州太湖美药业有限公司,——,8ml,
脂肪乳注射液(C14-24),华瑞制药有限公司,46.9,500ml,500.0
脂肪乳注射液(C14-24),华瑞制药有限公司,91.25,250ml,250.0
脂肪乳注射液(C14-24),四川科伦药业股份有限公司,26.63,100ml,100.0
脂溶性维生素注射液(Ⅱ),华瑞制药有限公司,13.21,10ml,1.0
中/长链脂肪乳注射液(C6-24),华瑞制药有限公司,82.04,500ml,500.0
中/长链脂肪乳注射液(C6-24),华瑞制药有限公司,77.4,250ml,250.0
中/长链脂肪乳注射液(C8-24),辰欣药业股份有限公司(原：鲁抗辰欣),81.08,250ml,250.0
"中/长链脂肪乳注射液(C8-24,Ve)",贝朗医疗(苏州)有限公司,51.82,100ml,100.0
中风回春丸,广州白云山敬修堂药业股份有限公司,17.38,1.8g,9.0
中风回春丸,广州白云山敬修堂药业股份有限公司,39.32,1.8g,21.0
紫杉醇注射液,哈尔滨三联药业股份有限公司,304.22,60mg,
紫杉醇注射液,海正辉瑞制药有限公司,——,30mg,
紫杉醇注射液,江苏奥赛康药业股份有限公司,136.73,30mg,
祖卡木颗粒,内蒙古大唐药业有限公司,31.84,12g,12.0
祖卡木颗粒,内蒙古大唐药业有限公司,47.76,12g,18.0
祖卡木颗粒,内蒙古大唐药业有限公司,15.92,12g,6.0
祖卡木颗粒,新疆奇康哈博维药股份有限公司,——,6g,12.0
祖卡木颗粒,新疆奇康哈博维药股份有限公司,20.12,6g,6.0
祖卡木颗粒,新疆奇康哈博维药股份有限公司,30.18,6g,9.0
祖卡木颗粒,新疆维吾尔药业有限责任公司,21.43,6g,12.0
祖卡木颗粒,新疆银朵兰维药股份有限公司,25.46,12g,9.0
左归丸,仲景宛西制药股份有限公司,9.4,45g,1.0
苯磺酸左旋氨氯地平片,华北制药股份有限公司,——,2.5mg,20.0
苯磺酸左旋氨氯地平片,江西施美药业股份有限公司,31.31,2.5mg,28.0
苯磺酸左旋氨氯地平片,施慧达药业集团(吉林)有限公司,33.11,2.5mg,14.0
苯磺酸左旋氨氯地平片,施慧达药业集团(吉林)有限公司,46.69,2.5mg,20.0
苯磺酸左旋氨氯地平片,施慧达药业集团(吉林)有限公司,48.93,2.5mg,21.0
苯磺酸左旋氨氯地平片,施慧达药业集团(吉林)有限公司,64.56,2.5mg,28.0
苯磺酸左旋氨氯地平片,先声药业有限公司,19.08,2.5mg,14.0
苯磺酸左旋氨氯地平片,扬子江药业集团上海海尼药业有限公司,25.48,2.5mg,14.0
左甲状腺素钠片,德国柏林化学股份有限公司,14.44,,50.0
左甲状腺素钠片,德国柏林化学股份有限公司,28.16,,100.0
参麦注射液,四川升和药业股份有限公司,20,20ml,
硫酸氢氯吡格雷片,乐普药业股份有限公司,46.57,75mg,7.0
硫酸氢氯吡格雷片,乐普药业股份有限公司,28.82,25mg,10.0
硝苯地平缓释片(Ⅲ),北京红林制药有限公司,34.95,30mg,14.0
盐酸左氧氟沙星注射液,扬子江药业集团有限公司,16.13,200mg,
贞芪扶正胶囊,贵州信邦制药股份有限公司,46.42,0.35g,60.0
阿昔洛韦氯化钠注射液(Ⅱ),四川科伦药业股份有限公司,64.11,100ml,
阿昔洛韦氯化钠注射液(Ⅱ),四川科伦药业股份有限公司,127.37,250ml,
醋酸曲安奈德注射液,上海通用药业股份有限公司,5.49,5ml,
多种微量元素注射液（Ⅱ）,四川美大康佳乐药业有限公司,18.92,2ml,
金荞麦胶囊,多多药业有限公司,23.99,0.22g,36.0
金荞麦胶囊,精华制药集团股份有限公司,33.19,0.4g,36.0
金荞麦片,精华制药集团股份有限公司,35.21,,6.0
糠酸莫米松乳膏,上海通用药业股份有限公司,36.06,20g,1.0
利多卡因气雾剂（Ⅱ）,广州市香雪制药股份有限公司,68.25,50g,
六合氨基酸注射液,西安天一秦昆制药有限责任公司,228.96,250ml,
马来酸桂哌齐特注射液,福建金山生物制药股份有限公司,38.46,2ml,
马来酸桂哌齐特注射液,齐鲁制药有限公司,42.55,2ml,
马来酸桂哌齐特注射液,齐鲁制药有限公司,123.11,10ml,
破伤风人免疫球蛋白,成都蓉生药业有限责任公司,235,2.5ml,
血府逐瘀丸,黑龙江参鸽药业有限公司,33.84,6g,8.0
盐酸雷洛昔芬片,"Lilly, S.A.(礼来苏州制药有限公司分包装)",69.89,60mg,7.0
盐酸莫西沙星注射液,成都天台山制药有限公司,229.13,20ml,
依达拉奉注射液,扬子江药业集团南京海陵药业有限公司,39.5,5ml,
注射用重组改构人肿瘤坏死因子,上海唯科生物制药有限公司,424.6,,2.0
氟哌噻吨美利曲辛片,四川海思科制药有限公司,34.85,5mg,14.0
氟哌噻吨美利曲辛片,重庆圣华曦药业股份有限公司,51.65,5mg,20.0
血府逐瘀丸,黑龙江参鸽药业有限公司,48.74,6g,12.0
肝素钠封管注射液,山东省惠诺药业有限公司,20.19,5ml,
脉络通胶囊,扬子江药业集团南京海陵药业有限公司,38.62,0.42g,18.0
脉络通胶囊,扬子江药业集团南京海陵药业有限公司,50.95,0.42g,24.0
脉络通胶囊,扬子江药业集团南京海陵药业有限公司,26.13,0.42g,12.0
骨松宝颗粒,贵州富华药业有限责任公司,79.95,5g,12.0
骨松宝颗粒,贵州富华药业有限责任公司,70,10g,12.0
骨松宝颗粒,贵州富华药业有限责任公司,38.3,5g,6.0
骨松宝颗粒,贵州富华药业有限责任公司,34.57,10g,6.0
乳核散结胶囊,陕西嘉力药业有限公司,37.32,0.43g,24.0
人参再造丸,吉林省东丰药业股份有限公司,26.16,,2.0
骨龙胶囊,山东东阿阿胶股份有限公司,62.07,0.5g,48.0
清喉咽颗粒,广西万寿堂药业有限公司,11.2,18g,9.0
补肾固齿丸,成都九芝堂金鼎药业有限公司,48.82,4g,9.0
复方氨基酸注射液（18AA-Ⅱ）,广东利泰制药股份有限公司,24.31,250ml,
山绿茶降压胶囊,广西万寿堂药业有限公司,30.15,0.43g,24.0
安坤颗粒,西安自力中药集团有限公司,38.53,10g,12.0
安坤颗粒,西安自力中药集团有限公司,19.76,10g,6.0
八宝丹胶囊,厦门中药厂有限公司,143,0.3g,12.0
八正合剂,陕西中医学院制药厂,22.12,200ml,
八正合剂,太极集团重庆桐君阁药厂有限公司,14.64,120ml,
八正颗粒,陕西康惠制药股份有限公司,30.25,8g,12.0
巴特日七味丸,内蒙古蒙药股份有限公司,22.42,2g,60.0
百令片,青海珠峰冬虫夏草药业有限公司,25.6,0.45g,30.0
百令片,青海珠峰冬虫夏草药业有限公司,49.92,0.45g,60.0
百令片,青海珠峰冬虫夏草药业有限公司,61.89,0.45g,75.0
百癣夏塔热胶囊,重庆三峡云海药业股份有限公司,45.43,0.3g,36.0
百癣夏塔热片,武汉钧安制药有限公司,31.33,0.31g,54.0
百癣夏塔热片,武汉钧安制药有限公司,21.2,0.31g,36.0
百癣夏塔热片,西安必康制药集团有限公司,23.1,0.3g,36.0
百癣夏塔热片,西安仁仁药业有限公司,19.73,0.31g,36.0
百癣夏塔热片,西安仁仁药业有限公司,50.76,0.31g,96.0
拨云退翳丸,太极集团重庆桐君阁药厂有限公司,45.12,6g,10.0
参麦注射液,河北神威药业有限公司,45.36,50ml,
参麦注射液,云南植物药业有限公司,4.04,5ml,
参芪五味子胶囊,陕西东泰制药有限公司,27.64,0.25g,64.0
参芪五味子片,康县独一味生物制药有限公司,21.41,0.25g,50.0
柴黄颗粒,河南灵佑药业股份有限公司,21.35,4g,12.0
柴银口服液,鲁南厚普制药有限公司,12.07,20ml,6.0
创灼膏,四川同人泰药业有限公司,18.77,20g,
刺五加注射液,黑龙江乌苏里江制药有限公司,36.57,100ml,
苁蓉益肾颗粒,内蒙古兰太药业有限责任公司,39.65,2g,6.0
大黄利胆片,江苏万高药业有限公司,33.5,0.35g,24.0
丹莪妇康煎膏,滇虹药业集团股份有限公司,50.8,150g,
胆石利通片,山东步长制药股份有限公司,22.26,0.45g,54.0
定坤丹,内蒙古京新药业有限公司,8.18,10.8g,1.0
定坤丹,山西广誉远国药有限公司,52.1,10.8g,6.0
独一味颗粒,江西广信药业有限公司,24.6,5g,12.0
独一味颗粒,江西杏林白马药业有限公司,21.06,3g,9.0
独一味颗粒,陕西兆兴制药有限公司,37.48,6g,15.0
独一味颗粒,四川川大华西药业股份有限公司,21.06,3g,12.0
独一味片,广州白云山制药股份有限公司广州白云山制药总厂,22.1,0.28g,36.0
独一味片,广州白云山制药股份有限公司广州白云山制药总厂,36.15,0.28g,60.0
独一味软胶囊,海南海神同洲制药有限公司,23.37,0.64g,36.0
独一味软胶囊,海南海神同洲制药有限公司,15.81,0.64g,24.0
独一味软胶囊,海南葫芦娃制药有限公司,22.49,0.65g,24.0
独一味软胶囊,海南葫芦娃制药有限公司,25.19,0.65g,27.0
独一味软胶囊,江西欧氏药业有限责任公司,26.06,0.5g,45.0
至灵胶囊,杭州天缘药业有限公司,26.57,0.25g,60.0
至灵胶囊,杭州天缘药业有限公司,36.74,0.25g,84.0